Customer,SO #,Order #,Roll #,Qty (yds),Qty (lbs),Good Ea.,Bad Ea.,Received
"CFAB - CREATIVE FABRIC SERVICE, LLC",S2507079,D68409,006840919,31.0,19.6,0,0,7/21/2025
"CFAB - CREATIVE FABRIC SERVICE, LLC",S2507079,D68409,006840917,30.0,19.3,0,0,7/21/2025
"CFAB - CREATIVE FABRIC SERVICE, LLC",S2507079,D68409,006840938,30.0,19.3,0,0,7/21/2025
"CFAB - CREATIVE FABRIC SERVICE, LLC",S2507079,D68409,006840913,31.0,19.7,0,0,7/21/2025
"CFAB - CREATIVE FABRIC SERVICE, LLC",S2507079,D68409,006840908,30.0,18.8,0,0,7/21/2025
"CFAB - CREATIVE FABRIC SERVICE, LLC",S2507079,D68409,006840907,22.0,13.8,0,0,7/21/2025
"CFAB - CREATIVE FABRIC SERVICE, LLC",S2507079,D68409,006840906,31.0,19.6,0,0,7/21/2025
"CFAB - CREATIVE FABRIC SERVICE, LLC",S2507079,D68409,006840905,31.0,19.5,0,0,7/21/2025
"CFAB - CREATIVE FABRIC SERVICE, LLC",S2507079,D68409,006840903,30.0,19.1,0,0,7/21/2025
"CFAB - CREATIVE FABRIC SERVICE, LLC",S2507079,D68409,006840902,30.0,19.0,0,0,7/21/2025
"CFAB - CREATIVE FABRIC SERVICE, LLC",S2507079,D68409,006840939,28.0,17.8,0,0,7/21/2025
"CFAB - CREATIVE FABRIC SERVICE, LLC",S2507079,D68409,006840933,30.0,19.0,0,0,7/21/2025
"CFAB - CREATIVE FABRIC SERVICE, LLC",S2507079,D68409,006840932,31.0,19.6,0,0,7/21/2025
"CFAB - CREATIVE FABRIC SERVICE, LLC",S2507079,D68409,006840918,29.0,18.5,0,0,7/21/2025
"CFAB - CREATIVE FABRIC SERVICE, LLC",S2507079,D68409,006840916,30.0,19.1,0,0,7/21/2025
"CFAB - CREATIVE FABRIC SERVICE, LLC",S2507079,D68409,006840915,30.0,19.0,0,0,7/21/2025
"CFAB - CREATIVE FABRIC SERVICE, LLC",S2507079,D68409,006840914,31.0,19.6,0,0,7/21/2025
"CFAB - CREATIVE FABRIC SERVICE, LLC",S2507079,D68409,006840912,29.0,18.5,0,0,7/21/2025
"CFAB - CREATIVE FABRIC SERVICE, LLC",S2507079,D68409,006840909,30.0,18.9,0,0,7/21/2025
"CFAB - CREATIVE FABRIC SERVICE, LLC",S2507079,D68409,006840904,31.0,19.4,0,0,7/21/2025
"CFAB - CREATIVE FABRIC SERVICE, LLC",S2507079,D68409,006840911,28.0,17.7,0,0,7/21/2025
"CFAB - CREATIVE FABRIC SERVICE, LLC",S2507079,D68409,006840901,27.0,17.0,0,0,7/21/2025
"CFAB - CREATIVE FABRIC SERVICE, LLC",S2507079,D68409,006840940,23.0,14.4,0,0,7/21/2025
"CFAB - CREATIVE FABRIC SERVICE, LLC",S2507079,D68409,006840937,31.0,19.5,0,0,7/21/2025
"CFAB - CREATIVE FABRIC SERVICE, LLC",S2507079,D68409,006840936,31.0,19.7,0,0,7/21/2025
"CFAB - CREATIVE FABRIC SERVICE, LLC",S2507079,D68409,006840935,30.0,19.0,0,0,7/21/2025
"CFAB - CREATIVE FABRIC SERVICE, LLC",S2507079,D68409,006840934,25.0,15.8,0,0,7/21/2025
"CFAB - CREATIVE FABRIC SERVICE, LLC",S2507079,D68409,006840930,26.0,16.8,0,0,7/21/2025
"CFAB - CREATIVE FABRIC SERVICE, LLC",S2507079,D68409,006840929,31.0,19.4,0,0,7/21/2025
"CFAB - CREATIVE FABRIC SERVICE, LLC",S2507079,D68409,006840931,31.0,19.4,0,0,7/21/2025
"CFAB - CREATIVE FABRIC SERVICE, LLC",S2507079,D68409,006840910,29.0,18.3,0,0,7/21/2025
"CFAB - CREATIVE FABRIC SERVICE, LLC",S2507079,D68409,006840928,29.0,18.4,0,0,7/21/2025
"CFAB - CREATIVE FABRIC SERVICE, LLC",S2507079,D68409,006840927,23.0,14.5,0,0,7/21/2025
"CFAB - CREATIVE FABRIC SERVICE, LLC",S2507079,D68409,006840926,30.0,19.3,0,0,7/21/2025
"CFAB - CREATIVE FABRIC SERVICE, LLC",S2507079,D68409,006840925,28.0,17.7,0,0,7/21/2025
"CFAB - CREATIVE FABRIC SERVICE, LLC",S2507079,D68409,006840924,23.0,14.5,0,0,7/21/2025
"CFAB - CREATIVE FABRIC SERVICE, LLC",S2507079,D68409,006840923,33.0,20.7,0,0,7/21/2025
"CFAB - CREATIVE FABRIC SERVICE, LLC",S2507079,D68409,006840922,30.0,19.1,0,0,7/21/2025
"CFAB - CREATIVE FABRIC SERVICE, LLC",S2507079,D68409,006840921,28.0,18.0,0,0,7/21/2025
"CFAB - CREATIVE FABRIC SERVICE, LLC",S2507079,D68409,006840920,31.0,19.8,0,0,7/21/2025
"CFAB - CREATIVE FABRIC SERVICE, LLC",S2506399,D69128,006912801,39.0,73.0,0,0,7/24/2025
"CFAB - CREATIVE FABRIC SERVICE, LLC",S2506399,D68518,006851805,39.0,77.8,0,0,6/17/2025
"CFAB - CREATIVE FABRIC SERVICE, LLC",S2506399,D68518,006851806,39.4,78.0,0,0,6/17/2025
"CFAB - CREATIVE FABRIC SERVICE, LLC",S2506399,D68518,006851802,39.6,76.0,0,0,6/17/2025
"CFAB - CREATIVE FABRIC SERVICE, LLC",S2506399,D69103,006910304,36.8,68.0,0,0,7/24/2025
"CFAB - CREATIVE FABRIC SERVICE, LLC",S2506399,D69103,006910308,42.0,77.8,0,0,7/24/2025
"CFAB - CREATIVE FABRIC SERVICE, LLC",S2506399,D69128,006912802,41.0,77.0,0,0,7/24/2025
"CFAB - CREATIVE FABRIC SERVICE, LLC",S2506399,D69103,006910306,26.0,49.0,0,0,7/24/2025
"CFAB - CREATIVE FABRIC SERVICE, LLC",S2506399,D69103,006910302,42.0,78.0,0,0,7/24/2025
"CFAB - CREATIVE FABRIC SERVICE, LLC",S2506399,D69091,006909105,41.0,75.0,0,0,7/24/2025
"CFAB - CREATIVE FABRIC SERVICE, LLC",S2506399,D69103,006910307,41.6,76.0,0,0,7/24/2025
"CFAB - CREATIVE FABRIC SERVICE, LLC",S2506399,D69128,006912803,41.7,78.0,0,0,7/24/2025
"CFAB - CREATIVE FABRIC SERVICE, LLC",S2506399,D69128,006912806,41.6,77.0,0,0,7/24/2025
"CFAB - CREATIVE FABRIC SERVICE, LLC",S2506399,D69128,006912805,41.8,78.5,0,0,7/24/2025
"CFAB - CREATIVE FABRIC SERVICE, LLC",S2506399,D68335,006833506,43.0,77.0,0,0,5/30/2025
"CFAB - CREATIVE FABRIC SERVICE, LLC",S2506399,D68335,006833505,43.0,77.0,0,0,5/30/2025
"CFAB - CREATIVE FABRIC SERVICE, LLC",S2506399,D68335,006833502,41.0,73.0,0,0,5/30/2025
"CFAB - CREATIVE FABRIC SERVICE, LLC",S2506399,D68335,006833504,44.0,78.8,0,0,5/30/2025
"CFAB - CREATIVE FABRIC SERVICE, LLC",S2506399,D68335,006833503,43.3,77.5,0,0,5/30/2025
"CFAB - CREATIVE FABRIC SERVICE, LLC",S2506399,D68335,006833501,43.5,77.0,0,0,5/30/2025
"CFAB - CREATIVE FABRIC SERVICE, LLC",S2506399,D69128,006912807,42.0,78.0,0,0,7/24/2025
"CFAB - CREATIVE FABRIC SERVICE, LLC",S2506399,D69091,006909103,31.0,57.0,0,0,7/24/2025
"CFAB - CREATIVE FABRIC SERVICE, LLC",S2506399,D69128,006912804,42.0,78.0,0,0,7/24/2025
"CFAB - CREATIVE FABRIC SERVICE, LLC",S2506399,D68518,006851804,21.0,42.0,0,0,6/17/2025
"CFAB - CREATIVE FABRIC SERVICE, LLC",S2506399,D69103,006910305,43.6,80.0,0,0,7/24/2025
"CFAB - CREATIVE FABRIC SERVICE, LLC",S2506399,D69091,006909104,43.0,78.0,0,0,7/24/2025
"CFAB - CREATIVE FABRIC SERVICE, LLC",S2506399,D69128,006912808,42.0,78.0,0,0,7/24/2025
"CFAB - CREATIVE FABRIC SERVICE, LLC",S2506399,D69091,006909101,42.0,77.0,0,0,7/24/2025
"CFAB - CREATIVE FABRIC SERVICE, LLC",S2506399,D69091,006909109,43.0,78.0,0,0,7/24/2025
"CFAB - CREATIVE FABRIC SERVICE, LLC",S2506399,D68518,006851801,36.0,69.0,0,0,6/17/2025
"CFAB - CREATIVE FABRIC SERVICE, LLC",S2506399,D68518,006851803,37.0,72.0,0,0,6/17/2025
"CFAB - CREATIVE FABRIC SERVICE, LLC",S2506399,D69091,006909110,42.4,79.0,0,0,7/24/2025
"CFAB - CREATIVE FABRIC SERVICE, LLC",S2506399,D69091,006909108,41.8,76.0,0,0,7/24/2025
"CFAB - CREATIVE FABRIC SERVICE, LLC",S2506399,D69103,006910301,40.5,77.0,0,0,7/24/2025
NSAP - NATIONAL SAFETY APPAREL,S2507401,D62277,006227710,77.7,49.8,,,4/15/2024
NSAP - NATIONAL SAFETY APPAREL,S2507401,D62277,006227708,72.1,48.2,,,4/15/2024
NSAP - NATIONAL SAFETY APPAREL,S2507401,D62277,006227711,69.2,46.5,,,4/15/2024
NSAP - NATIONAL SAFETY APPAREL,S2507401,D62277,006227713,47.3,29.2,,,4/15/2024
NSAP - NATIONAL SAFETY APPAREL,S2507401,D62277,006227709,71.7,46.1,,,4/15/2024
NSAP - NATIONAL SAFETY APPAREL,S2507401,D62277,006227702,110.4,74.0,,,4/15/2024
NSAP - NATIONAL SAFETY APPAREL,S2507401,D62277,006227703,107.5,71.5,,,4/15/2024
NSAP - NATIONAL SAFETY APPAREL,S2507401,D62277,006227701,110.5,74.0,,,4/15/2024
NSAP - NATIONAL SAFETY APPAREL,S2507401,D62277,006227714,43.8,30.4,,,4/15/2024
NSAP - NATIONAL SAFETY APPAREL,S2507401,D62277,006227712,54.7,37.6,,,4/15/2024
NSAP - NATIONAL SAFETY APPAREL,S2507401,D62277,006227705,110.7,74.0,,,4/15/2024
NSAP - NATIONAL SAFETY APPAREL,S2507401,D62277,006227704,121.9,78.7,,,4/15/2024
NSAP - NATIONAL SAFETY APPAREL,S2507401,D62277,006227715,39.4,26.7,,,4/15/2024
NSAP - NATIONAL SAFETY APPAREL,S2507401,D62277,006227707,77.2,50.3,,,4/15/2024
NSAP - NATIONAL SAFETY APPAREL,S2507401,D62277,006227706,25.8,17.6,,,4/15/2024
NSAP - NATIONAL SAFETY APPAREL,S2507402,D57769,005776905,44.0,35.1,,,6/19/2023
NSAP - NATIONAL SAFETY APPAREL,S2507402,D57770,005777011,63.0,44.9,,,5/1/2023
NSAP - NATIONAL SAFETY APPAREL,S2507402,D57768,005776816,65.0,52.0,,,2/23/2023
NSAP - NATIONAL SAFETY APPAREL,S2507402,D57769,005776911,44.0,35.1,,,6/19/2023
NSAP - NATIONAL SAFETY APPAREL,S2507402,D57772,105777201,70.0,54.3,,,7/31/2023
NSAP - NATIONAL SAFETY APPAREL,S2507402,D57770,005777008,72.0,51.3,,,5/1/2023
NSAP - NATIONAL SAFETY APPAREL,S2507402,D57770,005777009,56.0,39.9,,,5/1/2023
NSAP - NATIONAL SAFETY APPAREL,S2507402,D57770,005777002,67.0,47.7,,,5/1/2023
NSAP - NATIONAL SAFETY APPAREL,S2507402,D57770,005777013,55.0,39.2,,,5/1/2023
NSAP - NATIONAL SAFETY APPAREL,S2507402,D57770,005777012,64.0,45.6,,,5/1/2023
NSAP - NATIONAL SAFETY APPAREL,S2507402,D57772,005777207,74.0,57.4,,,2/23/2023
NSAP - NATIONAL SAFETY APPAREL,S2507402,D57770,005777001,65.0,46.3,,,5/1/2023
NSAP - NATIONAL SAFETY APPAREL,S2507402,D57769,005776909,87.0,69.3,,,6/19/2023
NSAP - NATIONAL SAFETY APPAREL,S2507402,D57768,205776806,47.0,35.8,,,8/16/2023
NSAP - NATIONAL SAFETY APPAREL,S2507402,D57769,005776913,31.0,24.7,,,6/19/2023
NSAP - NATIONAL SAFETY APPAREL,S2507402,D57772,005777203,70.0,54.3,,,2/23/2023
NSAP - NATIONAL SAFETY APPAREL,S2507402,D57770,005777010,17.0,12.1,,,5/1/2023
NSAP - NATIONAL SAFETY APPAREL,S2507402,D57770,005777005,69.0,49.2,,,5/1/2023
NSAP - NATIONAL SAFETY APPAREL,S2507402,D57772,005777210,20.0,15.5,,,2/23/2023
NSAP - NATIONAL SAFETY APPAREL,S2507402,D57772,005777205,50.0,38.8,,,2/23/2023
NSAP - NATIONAL SAFETY APPAREL,S2507402,D57769,005776910,80.0,63.8,,,6/19/2023
NSAP - NATIONAL SAFETY APPAREL,S2507402,D57770,005777014,65.0,46.3,,,5/1/2023
NSAP - NATIONAL SAFETY APPAREL,S2507402,D57770,005777004,69.0,49.2,,,5/1/2023
NSAP - NATIONAL SAFETY APPAREL,S2507402,D57770,005777006,61.0,43.5,,,5/1/2023
NSAP - NATIONAL SAFETY APPAREL,S2507402,D57769,005776904,65.0,51.8,,,6/19/2023
NSAP - NATIONAL SAFETY APPAREL,S2507402,D57770,005777018,10.0,7.1,,,5/1/2023
NSAP - NATIONAL SAFETY APPAREL,S2507402,D57769,005776912,111.0,88.5,,,6/19/2023
NSAP - NATIONAL SAFETY APPAREL,S2507402,D57769,005776907,96.0,76.5,,,6/19/2023
NSAP - NATIONAL SAFETY APPAREL,S2507402,D57770,005777016,44.0,31.4,,,5/1/2023
NSAP - NATIONAL SAFETY APPAREL,S2507402,D57770,005777007,54.0,38.5,,,5/1/2023
NSAP - NATIONAL SAFETY APPAREL,S2507402,D57768,005776804,43.0,34.4,,,2/23/2023
NSAP - NATIONAL SAFETY APPAREL,S2507402,D57768,005776801,60.0,48.0,,,2/23/2023
NSAP - NATIONAL SAFETY APPAREL,S2507402,D59177,105917701,23.0,21.8,,,12/31/2023
NSAP - NATIONAL SAFETY APPAREL,S2507402,D57772,005777209,75.0,58.1,,,2/23/2023
NSAP - NATIONAL SAFETY APPAREL,S2507402,D57769,005776906,59.0,47.0,,,6/19/2023
NSAP - NATIONAL SAFETY APPAREL,S2507402,D57772,005777202,74.0,57.4,,,2/23/2023
NSAP - NATIONAL SAFETY APPAREL,S2507402,D57769,005776902,65.0,51.8,,,6/19/2023
NSAP - NATIONAL SAFETY APPAREL,S2507402,D57770,005777017,41.0,29.2,,,5/1/2023
NSAP - NATIONAL SAFETY APPAREL,S2507402,D57769,005776908,77.0,61.4,,,6/19/2023
NSAP - NATIONAL SAFETY APPAREL,S2507402,D57769,005776903,64.0,51.0,,,6/19/2023
NSAP - NATIONAL SAFETY APPAREL,S2507402,D57772,005777211,44.0,34.1,,,2/23/2023
NSAP - NATIONAL SAFETY APPAREL,S2507402,D57770,005777003,68.0,48.5,,,5/1/2023
NSAP - NATIONAL SAFETY APPAREL,S2507402,D57770,005777015,31.0,22.1,,,5/1/2023
NSAP - NATIONAL SAFETY APPAREL,S2507402,D57769,005776901,69.0,55.0,,,6/19/2023
NSAP - NATIONAL SAFETY APPAREL,S2507402,D57772,005777206,74.0,57.4,,,2/23/2023
CTIC - CREATIVE TICKING,S2507415,D64702,006470203,25.9,64.7,0,0,8/13/2024
CTIC - CREATIVE TICKING,S2507415,D64702,006470201,25.8,65.5,0,0,8/13/2024
CTIC - CREATIVE TICKING,S2507415,D64702,006470202,20.2,50.7,0,0,8/13/2024
CTIC - CREATIVE TICKING,S2507374,D68850,006885005,25.3,58.9,0,0,7/2/2025
CTIC - CREATIVE TICKING,S2507374,D68850,006885006,25.2,59.1,0,0,7/2/2025
CTIC - CREATIVE TICKING,S2507374,D68850,006885009,14.5,34.6,0,0,7/2/2025
CTIC - CREATIVE TICKING,S2507373,D68684,006868404,24.7,62.4,0,0,6/23/2025
CTIC - CREATIVE TICKING,S2507373,D68732,006873208,20.6,47.0,0,0,6/23/2025
CTIC - CREATIVE TICKING,S2507373,D68732,006873209,22.0,50.0,0,0,6/23/2025
CTIC - CREATIVE TICKING,S2507373,D68732,006873210,22.0,50.6,0,0,6/23/2025
CTIC - CREATIVE TICKING,S2507373,D68732,006873212,21.3,48.0,0,0,6/23/2025
CTIC - CREATIVE TICKING,S2507373,D68684,006868406,16.3,41.0,0,0,6/23/2025
CTIC - CREATIVE TICKING,S2507373,D68684,006868408,24.2,57.3,0,0,6/23/2025
CTIC - CREATIVE TICKING,S2507373,D68684,006868409,12.2,30.1,0,0,6/23/2025
CTIC - CREATIVE TICKING,S2507373,D68684,006868411,14.9,36.1,0,0,6/23/2025
CTIC - CREATIVE TICKING,S2507373,D68684,006868412,24.7,56.9,0,0,6/23/2025
CTIC - CREATIVE TICKING,S2507373,D68684,006868413,24.6,56.0,0,0,6/23/2025
CTIC - CREATIVE TICKING,S2507373,D68684,006868418,26.2,59.1,0,0,6/23/2025
CTIC - CREATIVE TICKING,S2507417,D68905,006890501,30.0,66.4,0,0,7/11/2025
CTIC - CREATIVE TICKING,S2507417,D68905,006890502,30.2,64.5,0,0,7/11/2025
CTIC - CREATIVE TICKING,S2507417,D68905,006890503,30.2,63.7,0,0,7/11/2025
CTIC - CREATIVE TICKING,S2507417,D68905,006890504,30.3,64.8,0,0,7/11/2025
CTIC - CREATIVE TICKING,S2507417,D68905,006890505,30.2,65.5,0,0,7/11/2025
CTIC - CREATIVE TICKING,S2507417,D68905,006890506,30.1,64.6,0,0,7/11/2025
CTIC - CREATIVE TICKING,S2507417,D68905,006890507,30.1,65.5,0,0,7/11/2025
CTIC - CREATIVE TICKING,S2507417,D68905,006890508,20.1,44.7,0,0,7/11/2025
CTIC - CREATIVE TICKING,S2507417,D68961,006896101,31.6,68.7,0,0,7/11/2025
CTIC - CREATIVE TICKING,S2507417,D68961,006896102,19.4,43.4,0,0,7/11/2025
CTIC - CREATIVE TICKING,S2507417,D68961,006896104,30.3,66.7,0,0,7/11/2025
CTIC - CREATIVE TICKING,S2507373,D68684,006868410,21.4,50.3,0,0,6/23/2025
CTIC - CREATIVE TICKING,S2507373,D68732,006873211,22.0,49.0,0,0,6/23/2025
CTIC - CREATIVE TICKING,S2507373,D68732,006873213,21.0,47.0,0,0,6/23/2025
CTIC - CREATIVE TICKING,S2507373,D68732,006873214,23.0,51.0,0,0,6/23/2025
CTIC - CREATIVE TICKING,S2507373,D68732,006873206,22.0,51.0,0,0,6/23/2025
CTIC - CREATIVE TICKING,S2507373,D68732,006873207,20.0,47.0,0,0,6/23/2025
CTIC - CREATIVE TICKING,S2507373,D68732,006873205,20.8,50.0,0,0,6/23/2025
CTIC - CREATIVE TICKING,S2507373,D68684,006868414,24.5,57.2,0,0,6/23/2025
CTIC - CREATIVE TICKING,S2507373,D68684,006868415,24.8,56.8,0,0,6/23/2025
CTIC - CREATIVE TICKING,S2507373,D68684,006868416,24.5,56.5,0,0,6/23/2025
CTIC - CREATIVE TICKING,S2507373,D68684,006868417,24.8,55.5,0,0,6/23/2025
CTIC - CREATIVE TICKING,S2507373,D68684,006868405,24.8,61.7,0,0,6/23/2025
CTIC - CREATIVE TICKING,S2507373,D68684,006868401,25.6,49.7,0,0,6/23/2025
CTIC - CREATIVE TICKING,S2507373,D68684,006868402,25.8,67.4,0,0,6/23/2025
CTIC - CREATIVE TICKING,S2507373,D68684,006868403,24.5,59.9,0,0,6/23/2025
CTIC - CREATIVE TICKING,S2507416,D63619,006361922,20.3,36.1,,,5/30/2024
CTIC - CREATIVE TICKING,S2507416,D63619,006361924,20.3,36.0,,,5/30/2024
CTIC - CREATIVE TICKING,S2507416,D63619,006361923,20.2,36.1,,,5/30/2024
CTIC - CREATIVE TICKING,S2507376,D68889,006888912,23.7,48.2,0,0,7/7/2025
CTIC - CREATIVE TICKING,S2507419,D68888,006888801,23.3,48.0,0,0,7/7/2025
CTIC - CREATIVE TICKING,S2507419,D68889,006888901,23.1,54.8,0,0,7/7/2025
CTIC - CREATIVE TICKING,S2507419,D68889,006888902,23.4,54.1,0,0,7/7/2025
CTIC - CREATIVE TICKING,S2507419,D68889,006888905,23.4,51.1,0,0,7/7/2025
CTIC - CREATIVE TICKING,S2507419,D68889,006888906,23.5,50.6,0,0,7/7/2025
CTIC - CREATIVE TICKING,S2507419,D68889,006888907,23.4,50.4,0,0,7/7/2025
CTIC - CREATIVE TICKING,S2507376,D68889,006888919,29.4,59.0,0,0,7/7/2025
CTIC - CREATIVE TICKING,S2507376,D68889,006888917,23.2,47.9,0,0,7/7/2025
CTIC - CREATIVE TICKING,S2507419,D68889,006888903,23.5,54.2,0,0,7/7/2025
CTIC - CREATIVE TICKING,S2507419,D68889,006888904,23.4,51.8,0,0,7/7/2025
CTIC - CREATIVE TICKING,S2507419,D68889,006888908,25.3,49.2,0,0,7/7/2025
CTIC - CREATIVE TICKING,S2507419,D68889,006888909,23.4,49.5,0,0,7/7/2025
CTIC - CREATIVE TICKING,S2507376,D68889,006888916,23.3,47.8,0,0,7/7/2025
CTIC - CREATIVE TICKING,S2507376,D68889,006888918,23.3,47.1,0,0,7/7/2025
CTIC - CREATIVE TICKING,S2507419,D68888,006888802,23.7,47.7,0,0,7/7/2025
CTIC - CREATIVE TICKING,S2507376,D68889,006888915,23.8,47.8,0,0,7/7/2025
CTIC - CREATIVE TICKING,S2507376,D68889,006888914,23.4,47.0,0,0,7/7/2025
CTIC - CREATIVE TICKING,S2507376,D68889,006888913,23.6,48.6,0,0,7/7/2025
CTIC - CREATIVE TICKING,S2507376,D68380,006838004,23.1,52.0,0,0,5/30/2025
CTIC - CREATIVE TICKING,S2507376,D68889,006888910,23.1,48.2,0,0,7/7/2025
CTIC - CREATIVE TICKING,S2507376,D68889,006888911,23.8,49.0,0,0,7/7/2025
CTIC - CREATIVE TICKING,S2507371,D69089,006908914,50.1,59.7,0,0,7/18/2025
CTIC - CREATIVE TICKING,S2507371,D69089,006908913,50.2,60.1,0,0,7/18/2025
CTIC - CREATIVE TICKING,S2506316,D68939,006893907,40.0,58.0,0,0,7/21/2025
CTIC - CREATIVE TICKING,S2506316,D68939,006893901,40.0,57.9,0,0,7/21/2025
CTIC - CREATIVE TICKING,S2506316,D68939,006893906,38.0,55.2,0,0,7/21/2025
CTIC - CREATIVE TICKING,S2506316,D68939,006893902,41.2,60.0,0,0,7/21/2025
CTIC - CREATIVE TICKING,S2506316,D68939,006893908,40.0,58.6,0,0,7/21/2025
CTIC - CREATIVE TICKING,S2506316,D68939,006893914,40.2,58.8,0,0,7/21/2025
CTIC - CREATIVE TICKING,S2506316,D68939,006893911,40.0,59.0,0,0,7/21/2025
CTIC - CREATIVE TICKING,S2506316,D68939,006893918,13.5,20.1,0,0,7/21/2025
CTIC - CREATIVE TICKING,S2506316,D68939,006893917,35.5,52.0,0,0,7/21/2025
CTIC - CREATIVE TICKING,S2506316,D68939,006893916,40.3,59.1,0,0,7/21/2025
CTIC - CREATIVE TICKING,S2506316,D68939,006893915,40.4,59.3,0,0,7/21/2025
CTIC - CREATIVE TICKING,S2506316,D68939,006893913,40.0,58.6,0,0,7/21/2025
CTIC - CREATIVE TICKING,S2506316,D68939,006893912,40.0,58.5,0,0,7/21/2025
CTIC - CREATIVE TICKING,S2506316,D68939,006893910,40.1,58.7,0,0,7/21/2025
CTIC - CREATIVE TICKING,S2506316,D68939,006893909,40.1,59.0,0,0,7/21/2025
CTIC - CREATIVE TICKING,S2506316,D68939,006893905,40.0,58.4,0,0,7/21/2025
CTIC - CREATIVE TICKING,S2506316,D68939,006893904,40.0,58.2,0,0,7/21/2025
CTIC - CREATIVE TICKING,S2506316,D68939,006893903,40.5,59.4,0,0,7/21/2025
CTIC - CREATIVE TICKING,S2507420,D67972,006797206,30.2,50.0,0,0,4/23/2025
CTIC - CREATIVE TICKING,S2507420,D69029,006902915,30.7,48.9,0,0,7/17/2025
CTIC - CREATIVE TICKING,S2507420,D67972,006797209,30.0,50.0,0,0,4/23/2025
CTIC - CREATIVE TICKING,S2507420,D67972,006797210,30.6,50.0,0,0,4/23/2025
CTIC - CREATIVE TICKING,S2507420,D67972,006797211,33.8,55.0,0,0,4/23/2025
CTIC - CREATIVE TICKING,S2507420,D67972,006797207,31.5,51.2,0,0,4/23/2025
CTIC - CREATIVE TICKING,S2507420,D67972,006797208,30.8,51.0,0,0,4/23/2025
CTIC - CREATIVE TICKING,S2507420,D69029,006902914,30.7,48.0,0,0,7/17/2025
CTIC - CREATIVE TICKING,S2507420,D69029,006902913,30.0,48.9,0,0,7/17/2025
CTIC - CREATIVE TICKING,S2507377,D69029,006902917,32.0,51.0,0,0,7/17/2025
CTIC - CREATIVE TICKING,S2507377,D69029,006902916,32.0,51.7,0,0,7/17/2025
CTIC - CREATIVE TICKING,S2507377,D69029,006902920,18.0,29.0,0,0,7/17/2025
CTIC - CREATIVE TICKING,S2507377,D69029,006902919,30.5,49.0,0,0,7/17/2025
CTIC - CREATIVE TICKING,S2507377,D69029,006902918,30.0,48.9,0,0,7/17/2025
CTIC - CREATIVE TICKING,S2507421,D69096,006909603,40.0,62.0,0,0,7/18/2025
CTIC - CREATIVE TICKING,S2507410,D69096,006909602,40.0,62.4,0,0,7/18/2025
CTIC - CREATIVE TICKING,S2507410,D69096,006909601,40.0,63.0,0,0,7/18/2025
CTIC - CREATIVE TICKING,S2507412,D67699,006769909,71.7,56.7,0,0,3/26/2025
CTIC - CREATIVE TICKING,S2507411,D68587,006858705,62.0,60.0,0,0,6/13/2025
"CFAB - CREATIVE FABRIC SERVICE, LLC",S2506440,D67604,006760401,120.0,57.7,0,0,3/31/2025
"CFAB - CREATIVE FABRIC SERVICE, LLC",S2506440,D67759,006775909,126.0,56.9,0,0,4/30/2025
"CFAB - CREATIVE FABRIC SERVICE, LLC",S2506440,D67759,006775906,117.0,52.9,0,0,4/30/2025
"CFAB - CREATIVE FABRIC SERVICE, LLC",S2506440,D67759,006775903,126.0,56.9,0,0,4/30/2025
"CFAB - CREATIVE FABRIC SERVICE, LLC",S2506440,D67759,006775901,124.0,56.0,0,0,4/30/2025
"CFAB - CREATIVE FABRIC SERVICE, LLC",S2506440,D67755,006775508,105.0,47.8,0,0,4/30/2025
"CFAB - CREATIVE FABRIC SERVICE, LLC",S2506440,D67755,006775504,130.0,59.2,0,0,4/30/2025
"CFAB - CREATIVE FABRIC SERVICE, LLC",S2506440,D67755,006775503,132.0,60.1,0,0,4/30/2025
"CFAB - CREATIVE FABRIC SERVICE, LLC",S2506440,D67755,006775501,131.0,59.6,0,0,4/30/2025
"CFAB - CREATIVE FABRIC SERVICE, LLC",S2506440,D67754,006775412,9.0,4.0,0,0,4/30/2025
"CFAB - CREATIVE FABRIC SERVICE, LLC",S2506440,D67754,006775406,129.0,57.5,0,0,4/30/2025
"CFAB - CREATIVE FABRIC SERVICE, LLC",S2506440,D67754,006775405,131.0,58.4,0,0,4/30/2025
"CFAB - CREATIVE FABRIC SERVICE, LLC",S2506440,D67754,006775403,125.0,55.7,0,0,4/30/2025
"CFAB - CREATIVE FABRIC SERVICE, LLC",S2506440,D67604,006760402,115.0,55.3,0,0,3/31/2025
"CFAB - CREATIVE FABRIC SERVICE, LLC",S2506440,D67604,006760403,124.0,59.6,0,0,3/31/2025
"CFAB - CREATIVE FABRIC SERVICE, LLC",S2506440,D67604,006760404,125.0,60.1,0,0,3/31/2025
"CFAB - CREATIVE FABRIC SERVICE, LLC",S2506440,D67604,006760405,124.0,59.6,0,0,3/31/2025
"CFAB - CREATIVE FABRIC SERVICE, LLC",S2506440,D67604,006760406,125.0,60.1,0,0,3/31/2025
"CFAB - CREATIVE FABRIC SERVICE, LLC",S2506440,D67604,006760407,127.0,61.0,0,0,3/31/2025
"CFAB - CREATIVE FABRIC SERVICE, LLC",S2506440,D67604,006760408,124.0,59.6,0,0,3/31/2025
"CFAB - CREATIVE FABRIC SERVICE, LLC",S2506440,D67604,006760411,127.0,61.0,0,0,3/31/2025
"CFAB - CREATIVE FABRIC SERVICE, LLC",S2506440,D67643,006764301,127.0,57.2,0,0,4/30/2025
"CFAB - CREATIVE FABRIC SERVICE, LLC",S2506440,D67643,006764302,132.0,59.4,0,0,4/30/2025
"CFAB - CREATIVE FABRIC SERVICE, LLC",S2506440,D67643,006764303,131.0,59.0,0,0,4/30/2025
"CFAB - CREATIVE FABRIC SERVICE, LLC",S2506440,D67643,006764304,129.0,58.1,0,0,4/30/2025
"CFAB - CREATIVE FABRIC SERVICE, LLC",S2506440,D67643,006764305,129.0,58.1,0,0,4/30/2025
"CFAB - CREATIVE FABRIC SERVICE, LLC",S2506440,D67643,006764308,134.0,60.3,0,0,4/30/2025
"CFAB - CREATIVE FABRIC SERVICE, LLC",S2506440,D67643,006764309,117.0,52.7,0,0,4/30/2025
"CFAB - CREATIVE FABRIC SERVICE, LLC",S2506440,D67643,006764310,112.0,50.4,0,0,4/30/2025
"CFAB - CREATIVE FABRIC SERVICE, LLC",S2506440,D67643,006764311,21.0,9.5,0,0,4/30/2025
"CFAB - CREATIVE FABRIC SERVICE, LLC",S2506440,D67754,006775401,88.0,39.2,0,0,4/30/2025
"CFAB - CREATIVE FABRIC SERVICE, LLC",S2506440,D67754,006775402,129.0,57.5,0,0,4/30/2025
"CFAB - CREATIVE FABRIC SERVICE, LLC",S2506440,D67754,006775404,126.0,56.1,0,0,4/30/2025
"CFAB - CREATIVE FABRIC SERVICE, LLC",S2506440,D67754,006775407,123.0,54.8,0,0,4/30/2025
"CFAB - CREATIVE FABRIC SERVICE, LLC",S2506440,D67754,006775408,144.0,64.2,0,0,4/30/2025
"CFAB - CREATIVE FABRIC SERVICE, LLC",S2506440,D67754,006775410,128.0,57.0,0,0,4/30/2025
"CFAB - CREATIVE FABRIC SERVICE, LLC",S2506440,D67754,006775411,36.0,16.0,0,0,4/30/2025
"CFAB - CREATIVE FABRIC SERVICE, LLC",S2506440,D67754,006775413,15.0,6.7,0,0,4/30/2025
"CFAB - CREATIVE FABRIC SERVICE, LLC",S2506440,D67755,006775502,132.0,60.1,0,0,4/30/2025
"CFAB - CREATIVE FABRIC SERVICE, LLC",S2506440,D67755,006775505,120.0,54.6,0,0,4/30/2025
"CFAB - CREATIVE FABRIC SERVICE, LLC",S2506440,D67755,006775506,130.0,59.2,0,0,4/30/2025
"CFAB - CREATIVE FABRIC SERVICE, LLC",S2506440,D67755,006775507,128.0,58.2,0,0,4/30/2025
"CFAB - CREATIVE FABRIC SERVICE, LLC",S2506440,D67755,006775509,132.0,60.1,0,0,4/30/2025
"CFAB - CREATIVE FABRIC SERVICE, LLC",S2506440,D67755,006775510,95.0,43.2,0,0,4/30/2025
"CFAB - CREATIVE FABRIC SERVICE, LLC",S2506440,D67755,006775511,59.0,26.8,0,0,4/30/2025
"CFAB - CREATIVE FABRIC SERVICE, LLC",S2506440,D67759,006775902,108.0,48.8,0,0,4/30/2025
"CFAB - CREATIVE FABRIC SERVICE, LLC",S2506440,D67759,006775904,125.0,56.5,0,0,4/30/2025
"CFAB - CREATIVE FABRIC SERVICE, LLC",S2506440,D67759,006775905,121.0,54.7,0,0,4/30/2025
"CFAB - CREATIVE FABRIC SERVICE, LLC",S2506440,D67759,006775907,129.0,58.3,0,0,4/30/2025
"CFAB - CREATIVE FABRIC SERVICE, LLC",S2506440,D67759,006775908,133.0,60.1,0,0,4/30/2025
"CFAB - CREATIVE FABRIC SERVICE, LLC",S2506440,D67759,006775910,80.0,36.2,0,0,4/30/2025
"CFAB - CREATIVE FABRIC SERVICE, LLC",S2506440,D67839,006783902,125.0,58.8,0,0,4/30/2025
"CFAB - CREATIVE FABRIC SERVICE, LLC",S2506440,D67839,006783903,125.0,58.8,0,0,4/30/2025
"CFAB - CREATIVE FABRIC SERVICE, LLC",S2506440,D67839,006783904,127.0,59.8,0,0,4/30/2025
"CFAB - CREATIVE FABRIC SERVICE, LLC",S2506440,D67839,006783906,142.0,66.8,0,0,4/30/2025
"CFAB - CREATIVE FABRIC SERVICE, LLC",S2506440,D67839,006783907,128.0,60.2,0,0,4/30/2025
"CFAB - CREATIVE FABRIC SERVICE, LLC",S2506440,D67839,006783908,124.0,58.4,0,0,4/30/2025
"CFAB - CREATIVE FABRIC SERVICE, LLC",S2506440,D67839,006783909,127.0,59.8,0,0,4/30/2025
"CFAB - CREATIVE FABRIC SERVICE, LLC",S2506440,D67839,006783910,133.0,62.6,0,0,4/30/2025
"CFAB - CREATIVE FABRIC SERVICE, LLC",S2506440,D67643,006764307,95.0,42.8,0,0,4/30/2025
"CFAB - CREATIVE FABRIC SERVICE, LLC",S2506440,D67643,006764306,139.0,62.6,0,0,4/30/2025
"CFAB - CREATIVE FABRIC SERVICE, LLC",S2506440,D67604,006760409,97.0,46.6,0,0,3/31/2025
"CFAB - CREATIVE FABRIC SERVICE, LLC",S2506440,D67604,006760410,33.0,15.9,0,0,3/31/2025
"CFAB - CREATIVE FABRIC SERVICE, LLC",S2506440,D67754,006775409,131.0,58.4,0,0,4/30/2025
"CFAB - CREATIVE FABRIC SERVICE, LLC",S2506440,D67839,006783901,122.0,57.4,0,0,4/30/2025
"CFAB - CREATIVE FABRIC SERVICE, LLC",S2506440,D67839,006783905,119.0,56.0,0,0,4/30/2025
"CFAB - CREATIVE FABRIC SERVICE, LLC",S2507418,D67936,006793604,166.0,52.8,0,0,4/16/2025
"CFAB - CREATIVE FABRIC SERVICE, LLC",S2507418,D68555,006855503,161.0,51.2,0,0,6/24/2025
"CFAB - CREATIVE FABRIC SERVICE, LLC",S2507418,D68513,006851304,160.0,50.8,0,0,6/24/2025
"CFAB - CREATIVE FABRIC SERVICE, LLC",S2507418,D68513,006851303,157.0,49.8,0,0,6/24/2025
"CFAB - CREATIVE FABRIC SERVICE, LLC",S2507375,D68954,006895404,165.0,51.2,0,0,7/16/2025
"CFAB - CREATIVE FABRIC SERVICE, LLC",S2507375,D68954,006895401,157.0,47.6,0,0,7/16/2025
"CFAB - CREATIVE FABRIC SERVICE, LLC",S2507375,D68954,006895406,165.0,51.2,0,0,7/16/2025
"CFAB - CREATIVE FABRIC SERVICE, LLC",S2507418,D68513,006851301,159.0,50.6,0,0,6/24/2025
"CFAB - CREATIVE FABRIC SERVICE, LLC",S2507418,D68513,006851302,159.0,50.6,0,0,6/24/2025
"CFAB - CREATIVE FABRIC SERVICE, LLC",S2507375,D68954,006895405,165.0,51.2,0,0,7/16/2025
"CFAB - CREATIVE FABRIC SERVICE, LLC",S2507418,D68534,006853402,161.0,50.8,0,0,6/24/2025
"CFAB - CREATIVE FABRIC SERVICE, LLC",S2507375,D68954,006895403,165.0,51.2,0,0,7/16/2025
"CFAB - CREATIVE FABRIC SERVICE, LLC",S2507418,D68555,006855502,160.0,50.4,0,0,6/24/2025
"CFAB - CREATIVE FABRIC SERVICE, LLC",S2507375,D68954,006895402,164.0,51.2,0,0,7/16/2025
"CFAB - CREATIVE FABRIC SERVICE, LLC",S2507375,D68971,006897103,175.0,54.4,0,0,7/14/2025
"CFAB - CREATIVE FABRIC SERVICE, LLC",S2507418,D68555,006855501,160.0,50.6,0,0,6/24/2025
"CFAB - CREATIVE FABRIC SERVICE, LLC",S2507418,D68534,006853401,160.0,50.6,0,0,6/24/2025
CTIC - CREATIVE TICKING,S2507382,D68200,006820002,41.0,58.4,0,0,5/19/2025
CTIC - CREATIVE TICKING,S2507382,D68200,006820004,40.2,53.7,0,0,5/19/2025
CTIC - CREATIVE TICKING,S2507382,D68200,006820007,40.1,53.1,0,0,5/19/2025
CTIC - CREATIVE TICKING,S2507382,D68200,006820009,38.3,51.1,0,0,5/19/2025
CTIC - CREATIVE TICKING,S2507382,D68200,006820006,40.2,52.6,0,0,5/19/2025
CTIC - CREATIVE TICKING,S2507382,D68200,006820003,40.3,54.0,0,0,5/19/2025
CTIC - CREATIVE TICKING,S2507382,D68200,006820001,40.3,52.2,0,0,5/19/2025
CTIC - CREATIVE TICKING,S2507382,D68200,006820005,31.6,42.2,0,0,5/19/2025
"CFAB - CREATIVE FABRIC SERVICE, LLC",S2505226,D69024,006902405,40.5,53.1,0,0,7/15/2025
"CFAB - CREATIVE FABRIC SERVICE, LLC",S2505226,D69024,006902409,11.2,16.3,0,0,7/15/2025
"CFAB - CREATIVE FABRIC SERVICE, LLC",S2505226,D69024,006902403,40.1,53.0,0,0,7/15/2025
"CFAB - CREATIVE FABRIC SERVICE, LLC",S2505226,D68934,006893402,40.3,58.5,0,0,7/10/2025
"CFAB - CREATIVE FABRIC SERVICE, LLC",S2505226,D68934,006893408,40.4,59.1,0,0,7/10/2025
"CFAB - CREATIVE FABRIC SERVICE, LLC",S2505226,D69024,006902402,40.1,53.0,0,0,7/15/2025
"CFAB - CREATIVE FABRIC SERVICE, LLC",S2505226,D69024,006902401,34.2,47.1,0,0,7/15/2025
"CFAB - CREATIVE FABRIC SERVICE, LLC",S2505226,D68985,006898514,40.3,53.7,0,0,7/15/2025
"CFAB - CREATIVE FABRIC SERVICE, LLC",S2505226,D68985,006898515,40.4,53.2,0,0,7/15/2025
"CFAB - CREATIVE FABRIC SERVICE, LLC",S2505226,D68985,006898516,49.5,65.4,0,0,7/15/2025
"CFAB - CREATIVE FABRIC SERVICE, LLC",S2505226,D69075,006907501,72.0,93.0,0,0,7/17/2025
"CFAB - CREATIVE FABRIC SERVICE, LLC",S2505226,D68985,006898506,40.5,53.8,0,0,7/15/2025
"CFAB - CREATIVE FABRIC SERVICE, LLC",S2505226,D68985,006898509,40.6,54.1,0,0,7/15/2025
"CFAB - CREATIVE FABRIC SERVICE, LLC",S2505226,D68934,006893401,40.5,59.3,0,0,7/10/2025
"CFAB - CREATIVE FABRIC SERVICE, LLC",S2505226,D68934,006893403,40.0,57.8,0,0,7/10/2025
"CFAB - CREATIVE FABRIC SERVICE, LLC",S2505226,D68959,006895904,77.0,99.2,0,0,7/14/2025
"CFAB - CREATIVE FABRIC SERVICE, LLC",S2505226,D68934,006893405,40.1,58.9,0,0,7/10/2025
"CFAB - CREATIVE FABRIC SERVICE, LLC",S2505226,D68985,006898502,40.3,56.3,0,0,7/15/2025
"CFAB - CREATIVE FABRIC SERVICE, LLC",S2505226,D68934,006893404,40.1,58.6,0,0,7/10/2025
"CFAB - CREATIVE FABRIC SERVICE, LLC",S2505226,D68934,006893406,37.1,55.1,0,0,7/10/2025
"CFAB - CREATIVE FABRIC SERVICE, LLC",S2505226,D68934,006893407,40.2,58.4,0,0,7/10/2025
"CFAB - CREATIVE FABRIC SERVICE, LLC",S2505226,D68934,006893409,40.2,59.7,0,0,7/10/2025
"CFAB - CREATIVE FABRIC SERVICE, LLC",S2505226,D68934,006893410,40.3,59.5,0,0,7/10/2025
"CFAB - CREATIVE FABRIC SERVICE, LLC",S2505226,D68934,006893411,38.1,56.5,0,0,7/10/2025
"CFAB - CREATIVE FABRIC SERVICE, LLC",S2505226,D68985,006898508,41.4,54.9,0,0,7/15/2025
"CFAB - CREATIVE FABRIC SERVICE, LLC",S2505226,D68985,006898505,40.6,54.2,0,0,7/15/2025
"CFAB - CREATIVE FABRIC SERVICE, LLC",S2505226,D68985,006898507,41.5,55.2,0,0,7/15/2025
"CFAB - CREATIVE FABRIC SERVICE, LLC",S2505226,D68959,006895903,77.0,99.8,0,0,7/14/2025
"CFAB - CREATIVE FABRIC SERVICE, LLC",S2505226,D68985,006898511,40.5,53.8,0,0,7/15/2025
"CFAB - CREATIVE FABRIC SERVICE, LLC",S2505226,D68985,006898510,40.6,53.1,0,0,7/15/2025
"CFAB - CREATIVE FABRIC SERVICE, LLC",S2505226,D68959,006895905,77.0,99.2,0,0,7/14/2025
"CFAB - CREATIVE FABRIC SERVICE, LLC",S2505226,D68959,006895901,77.0,99.2,0,0,7/14/2025
"CFAB - CREATIVE FABRIC SERVICE, LLC",S2505226,D68959,006895902,77.0,99.2,0,0,7/14/2025
"CFAB - CREATIVE FABRIC SERVICE, LLC",S2505226,D68985,006898513,40.3,53.6,0,0,7/15/2025
"CFAB - CREATIVE FABRIC SERVICE, LLC",S2505226,D68985,006898512,40.6,53.9,0,0,7/15/2025
"CFAB - CREATIVE FABRIC SERVICE, LLC",S2505226,D68985,006898501,40.3,53.5,0,0,7/15/2025
"CFAB - CREATIVE FABRIC SERVICE, LLC",S2505226,D68985,006898503,40.3,53.8,0,0,7/15/2025
"CFAB - CREATIVE FABRIC SERVICE, LLC",S2505226,D68985,006898504,40.3,53.6,0,0,7/15/2025
"CFAB - CREATIVE FABRIC SERVICE, LLC",S2505226,D69024,006902406,40.4,52.5,0,0,7/15/2025
"CFAB - CREATIVE FABRIC SERVICE, LLC",S2505226,D69024,006902404,40.4,52.9,0,0,7/15/2025
"CFAB - CREATIVE FABRIC SERVICE, LLC",S2505226,D69024,006902408,40.6,54.1,0,0,7/15/2025
"CFAB - CREATIVE FABRIC SERVICE, LLC",S2505226,D69024,006902407,40.7,54.0,0,0,7/15/2025
CTIC - CREATIVE TICKING,S2505225,D68875,006887501,20.0,45.0,11,1,7/17/2025
CTIC - CREATIVE TICKING,S2505225,D68875,006887503,26.0,56.0,13,2,7/17/2025
CTIC - CREATIVE TICKING,S2505225,D68566,006856601,18.0,43.0,12,0,6/12/2025
CTIC - CREATIVE TICKING,S2505225,D68566,006856604,19.0,44.0,12,0,6/12/2025
CTIC - CREATIVE TICKING,S2505225,D68566,006856614,20.0,44.0,12,0,6/12/2025
CTIC - CREATIVE TICKING,S2505225,D68566,006856605,19.0,44.0,12,0,6/12/2025
CTIC - CREATIVE TICKING,S2505225,D68566,006856606,6.0,14.0,4,0,6/12/2025
CTIC - CREATIVE TICKING,S2505225,D68566,006856615,20.0,44.0,12,0,6/12/2025
CTIC - CREATIVE TICKING,S2505225,D68566,006856617,20.0,44.0,12,0,6/12/2025
CTIC - CREATIVE TICKING,S2505225,D68566,006856613,20.0,44.0,0,0,6/12/2025
CTIC - CREATIVE TICKING,S2505225,D68566,006856607,19.0,44.0,12,0,6/12/2025
CTIC - CREATIVE TICKING,S2505225,D68566,006856608,19.0,44.0,12,0,6/12/2025
CTIC - CREATIVE TICKING,S2505225,D68650,006865016,26.0,56.0,15,0,6/19/2025
CTIC - CREATIVE TICKING,S2505225,D68650,006865017,26.0,56.0,15,0,6/19/2025
CTIC - CREATIVE TICKING,S2505225,D68566,006856602,18.0,43.0,12,0,6/12/2025
CTIC - CREATIVE TICKING,S2505225,D68875,006887510,8.0,19.0,4,1,7/17/2025
CTIC - CREATIVE TICKING,S2505225,D68566,006856603,18.0,44.0,12,0,6/12/2025
CTIC - CREATIVE TICKING,S2505225,D68875,006887512,26.0,56.0,15,0,7/17/2025
CTIC - CREATIVE TICKING,S2505225,D68875,006887513,26.0,56.0,15,0,7/17/2025
CTIC - CREATIVE TICKING,S2505225,D68875,006887514,25.0,56.0,14,1,7/17/2025
CTIC - CREATIVE TICKING,S2505225,D68875,006887515,8.0,19.0,5,0,7/17/2025
CTIC - CREATIVE TICKING,S2505225,D68566,006856610,20.0,44.0,12,0,6/12/2025
CTIC - CREATIVE TICKING,S2505225,D68566,006856611,20.0,44.0,0,0,6/12/2025
CTIC - CREATIVE TICKING,S2505225,D68566,006856612,8.0,18.0,5,0,6/12/2025
CTIC - CREATIVE TICKING,S2505225,D68875,006887509,26.0,56.0,13,2,7/17/2025
CTIC - CREATIVE TICKING,S2505225,D68875,006887508,25.0,56.0,14,1,7/17/2025
CTIC - CREATIVE TICKING,S2505225,D68875,006887507,25.0,56.0,15,0,7/17/2025
CTIC - CREATIVE TICKING,S2505225,D68875,006887506,25.0,56.0,14,1,7/17/2025
CTIC - CREATIVE TICKING,S2505225,D68875,006887505,12.0,26.0,7,0,7/17/2025
CTIC - CREATIVE TICKING,S2505225,D68566,006856618,6.0,14.0,4,0,6/12/2025
CTIC - CREATIVE TICKING,S2505225,D68650,006865001,22.9,52.0,12,2,6/19/2025
CTIC - CREATIVE TICKING,S2505225,D68650,006865005,7.0,15.0,4,0,6/19/2025
CTIC - CREATIVE TICKING,S2505225,D68650,006865006,25.0,56.0,15,0,6/19/2025
CTIC - CREATIVE TICKING,S2505225,D68650,006865010,7.0,14.0,4,0,6/19/2025
CTIC - CREATIVE TICKING,S2505225,D68650,006865004,25.6,57.0,15,0,6/19/2025
CTIC - CREATIVE TICKING,S2505225,D68875,006887504,26.0,56.0,15,0,7/17/2025
CTIC - CREATIVE TICKING,S2505225,D68650,006865019,32.0,68.0,18,0,6/19/2025
CTIC - CREATIVE TICKING,S2505225,D68650,006865018,26.0,57.0,15,0,6/19/2025
CTIC - CREATIVE TICKING,S2505225,D68650,006865008,26.0,56.0,15,0,6/19/2025
CTIC - CREATIVE TICKING,S2505225,D68650,006865007,25.0,56.0,15,0,6/19/2025
CTIC - CREATIVE TICKING,S2505225,D68650,006865015,8.5,19.0,5,0,6/19/2025
CTIC - CREATIVE TICKING,S2505225,D68650,006865014,26.0,57.0,15,0,6/19/2025
CTIC - CREATIVE TICKING,S2505225,D68650,006865012,26.0,57.0,15,0,6/19/2025
CTIC - CREATIVE TICKING,S2505225,D68650,006865013,26.0,57.0,15,0,6/19/2025
CTIC - CREATIVE TICKING,S2505225,D68650,006865011,25.0,56.0,15,0,6/19/2025
CTIC - CREATIVE TICKING,S2505225,D68650,006865009,26.0,57.0,14,1,6/19/2025
CTIC - CREATIVE TICKING,S2505225,D68650,006865003,23.0,53.0,14,0,6/19/2025
CTIC - CREATIVE TICKING,S2505225,D68650,006865002,23.0,53.0,13,1,6/19/2025
CTIC - CREATIVE TICKING,S2505225,D68566,006856616,20.0,44.0,12,0,6/12/2025
CTIC - CREATIVE TICKING,S2505225,D68566,006856609,19.0,44.0,12,0,6/12/2025
CTIC - CREATIVE TICKING,S2505225,D68875,006887511,25.0,56.0,13,2,7/17/2025
CTIC - CREATIVE TICKING,S2505225,D68875,006887502,25.0,56.2,15,0,7/17/2025
CTIC - CREATIVE TICKING,S2505227,D68597,006859705,24.0,56.0,11,1,6/13/2025
CTIC - CREATIVE TICKING,S2505227,D68597,006859708,5.0,14.0,3,0,6/13/2025
CTIC - CREATIVE TICKING,S2505227,D68597,006859711,24.0,56.0,12,0,6/13/2025
CTIC - CREATIVE TICKING,S2505227,D68597,006859715,25.0,57.0,11,1,6/13/2025
CTIC - CREATIVE TICKING,S2505227,D68567,006856701,26.0,56.0,12,0,6/12/2025
CTIC - CREATIVE TICKING,S2505227,D68597,006859716,4.0,9.0,2,0,6/13/2025
CTIC - CREATIVE TICKING,S2505227,D68597,006859720,25.0,57.0,11,1,6/13/2025
CTIC - CREATIVE TICKING,S2505227,D68597,006859719,25.0,57.0,11,1,6/13/2025
CTIC - CREATIVE TICKING,S2505227,D68597,006859718,25.0,57.0,12,0,6/13/2025
CTIC - CREATIVE TICKING,S2505227,D68597,006859714,25.0,57.0,12,0,6/13/2025
CTIC - CREATIVE TICKING,S2505227,D68597,006859713,25.0,57.0,12,0,6/13/2025
CTIC - CREATIVE TICKING,S2505227,D68567,006856706,25.0,56.0,12,0,6/12/2025
CTIC - CREATIVE TICKING,S2505227,D68597,006859712,24.0,57.0,12,0,6/13/2025
CTIC - CREATIVE TICKING,S2505227,D68567,006856707,26.0,56.0,12,0,6/12/2025
CTIC - CREATIVE TICKING,S2505227,D68549,006854903,26.0,56.0,12,0,6/12/2025
CTIC - CREATIVE TICKING,S2505227,D68549,006854905,26.0,56.0,10,2,6/12/2025
CTIC - CREATIVE TICKING,S2505227,D68597,006859710,19.0,42.0,9,0,6/13/2025
CTIC - CREATIVE TICKING,S2505227,D68597,006859706,10.0,23.0,5,0,6/13/2025
CTIC - CREATIVE TICKING,S2505227,D68615,006861517,22.0,48.0,10,0,6/13/2025
CTIC - CREATIVE TICKING,S2505227,D68615,006861516,25.0,57.0,11,1,6/13/2025
CTIC - CREATIVE TICKING,S2505227,D68615,006861515,25.0,57.0,9,3,6/13/2025
CTIC - CREATIVE TICKING,S2505227,D68615,006861508,6.0,14.0,3,0,6/13/2025
CTIC - CREATIVE TICKING,S2505227,D68615,006861502,25.0,57.0,12,0,6/13/2025
CTIC - CREATIVE TICKING,S2505227,D68567,006856705,25.0,56.0,12,0,6/12/2025
CTIC - CREATIVE TICKING,S2505227,D68567,006856704,24.0,51.0,10,1,6/12/2025
CTIC - CREATIVE TICKING,S2505227,D68597,006859703,24.0,56.0,12,0,6/13/2025
CTIC - CREATIVE TICKING,S2505227,D68597,006859722,25.0,57.0,12,0,6/13/2025
CTIC - CREATIVE TICKING,S2505227,D68597,006859723,25.0,57.0,12,0,6/13/2025
CTIC - CREATIVE TICKING,S2505227,D68567,006856702,26.0,56.0,12,0,6/12/2025
CTIC - CREATIVE TICKING,S2505227,D68529,006852901,22.0,53.0,10,0,6/19/2025
CTIC - CREATIVE TICKING,S2505227,D68615,006861513,19.0,43.0,9,0,6/13/2025
CTIC - CREATIVE TICKING,S2505227,D68615,006861511,25.0,57.0,12,0,6/13/2025
CTIC - CREATIVE TICKING,S2505227,D68597,006859725,25.0,57.0,12,0,6/13/2025
CTIC - CREATIVE TICKING,S2505227,D68597,006859724,25.0,57.0,12,0,6/13/2025
CTIC - CREATIVE TICKING,S2505227,D68597,006859721,8.0,19.0,4,0,6/13/2025
CTIC - CREATIVE TICKING,S2505227,D68615,006861505,25.0,57.0,11,1,6/13/2025
CTIC - CREATIVE TICKING,S2505227,D68615,006861510,15.0,33.0,5,2,6/13/2025
CTIC - CREATIVE TICKING,S2505227,D68615,006861514,25.0,57.0,11,1,6/13/2025
CTIC - CREATIVE TICKING,S2505227,D68567,006856708,25.0,56.0,9,3,6/12/2025
CTIC - CREATIVE TICKING,S2505227,D68615,006861504,25.0,57.0,12,0,6/13/2025
CTIC - CREATIVE TICKING,S2505227,D68549,006854902,26.0,56.0,12,0,6/12/2025
CTIC - CREATIVE TICKING,S2505227,D68597,006859717,25.0,57.0,12,0,6/13/2025
CTIC - CREATIVE TICKING,S2505227,D68615,006861501,25.0,57.0,12,0,6/13/2025
CTIC - CREATIVE TICKING,S2505227,D68615,006861503,25.0,57.0,12,0,6/13/2025
CTIC - CREATIVE TICKING,S2505227,D68615,006861506,25.0,57.0,12,0,6/13/2025
CTIC - CREATIVE TICKING,S2505227,D68615,006861507,26.0,57.0,12,0,6/13/2025
CTIC - CREATIVE TICKING,S2505227,D68615,006861512,25.0,57.0,12,0,6/13/2025
CTIC - CREATIVE TICKING,S2505227,D68615,006861518,19.0,43.0,9,0,6/13/2025
CTIC - CREATIVE TICKING,S2505227,D68549,006854907,26.0,56.0,12,0,6/12/2025
CTIC - CREATIVE TICKING,S2505227,D68549,006854908,26.0,56.0,12,0,6/12/2025
CTIC - CREATIVE TICKING,S2505227,D68567,006856703,26.0,56.0,12,0,6/12/2025
CTIC - CREATIVE TICKING,S2505227,D68597,006859701,24.0,56.0,12,0,6/13/2025
CTIC - CREATIVE TICKING,S2505227,D68549,006854901,23.0,51.0,10,1,6/12/2025
CTIC - CREATIVE TICKING,S2505227,D68597,006859702,24.0,56.0,12,0,6/13/2025
CTIC - CREATIVE TICKING,S2505227,D68549,006854904,26.0,56.0,11,1,6/12/2025
CTIC - CREATIVE TICKING,S2505227,D68597,006859704,18.0,42.0,9,0,6/13/2025
CTIC - CREATIVE TICKING,S2505227,D68549,006854906,26.0,56.0,11,1,6/12/2025
CTIC - CREATIVE TICKING,S2505227,D68597,006859707,24.0,57.0,11,1,6/13/2025
