Yarn,Supplier,Description,Color,Inventory,Total Demand,Total Receipt,Balance,Past Due Receipts,,Demand This Week,Receipts This Week,Balance This Week,,Demand Week 31,Receipts Week 31,Balance Week 31,,Demand Week 32,Receipts Week 32,Balance Week 32,,Demand Week 33,Receipts Week 33,Balance Week 33,,Demand Week 34,Receipts Week 34,Balance Week 34,,Demand Week 35,Receipts Week 35,Balance Week 35,,Demand Week 36,Receipts Week 36,Balance Week 36,,Demand Week 37,Receipts Week 37,Balance Week 37,,Demand Week 38,Receipts Week 38,Balance Week 38,,Demand Later,Receipts Later,Balance Later
11896,UNIFI,1/750/192 100% Polyester BLK SATUR 56BXUV ,BLK SATUR,"1,499.1","12,540.9","19,755.6","8,713.8","-1,244.4",,"3,672.3",0.0,"-2,173.2",,0.0,"3,000.0",826.8,,0.0,"3,000.0","3,826.8",,0.0,"3,000.0","6,826.8",,0.0,"3,000.0","9,826.8",,0.0,"3,000.0","12,826.8",,0.0,"3,000.0","15,826.8",,0.0,"3,000.0","18,826.8",,0.0,0.0,"18,826.8",,"8,868.6",0.0,"9,958.2"
19004,PARKDALE YARN MILLS,24/1 96/4 Polyester Black 4% MVS,Black 4%,"-1,531.4",0.0,"20,000.0","18,468.6",0.0,,0.0,0.0,"-1,531.4",,0.0,0.0,"-1,531.4",,0.0,0.0,"-1,531.4",,0.0,0.0,"-1,531.4",,0.0,0.0,"-1,531.4",,0.0,"5,000.0","3,468.6",,0.0,"5,000.0","8,468.6",,0.0,"5,000.0","13,468.6",,0.0,"5,000.0","18,468.6",,0.0,0.0,"18,468.6"
18870,BUHLER QUALITY YARNS CORP,10/2 PPS/Glass Natural ,Natural,"-1,394.5","13,323.9","14,000.0",-718.5,"13,000.0",,0.0,0.0,"-1,394.5",,0.0,0.0,"-1,394.5",,0.0,0.0,"-1,394.5",,0.0,0.0,"-1,394.5",,0.0,0.0,"-1,394.5",,0.0,0.0,"-1,394.5",,0.0,0.0,"-1,394.5",,0.0,0.0,"-1,394.5",,0.0,0.0,"-1,394.5",,"13,323.9","1,000.0","-13,718.5"
18868,FERR,30/1 60/40 Recycled Polyester/Recycled Cotton Anil ,Anil,"-1,115.5",0.0,0.0,"-1,115.5",0.0,,0.0,0.0,"-1,115.5",,0.0,0.0,"-1,115.5",,0.0,0.0,"-1,115.5",,0.0,0.0,"-1,115.5",,0.0,0.0,"-1,115.5",,0.0,0.0,"-1,115.5",,0.0,0.0,"-1,115.5",,0.0,0.0,"-1,115.5",,0.0,0.0,"-1,115.5",,0.0,0.0,"-1,115.5"
18771,CS AMERICA,1/150/96 100% Polyester Semi Dull ,Semi Dull,-620.9,"6,691.3",0.0,"-7,312.3",0.0,,0.0,0.0,-620.9,,0.0,0.0,-620.9,,0.0,0.0,-620.9,,0.0,0.0,-620.9,,0.0,0.0,-620.9,,0.0,0.0,-620.9,,0.0,0.0,-620.9,,0.0,0.0,-620.9,,0.0,0.0,-620.9,,"6,691.3",0.0,"-7,312.3"
18708,UNIFI,1/150/34 100% Polyester Natural Set - Sorbtek ,Natural,379.7,"4,814.3","4,864.3",429.8,0.3,,763.8,0.0,-384.1,,763.8,"2,432.0","1,284.1",,763.8,"2,432.0","2,952.3",,763.8,0.0,"2,188.5",,763.8,0.0,"1,424.7",,763.8,0.0,660.9,,231.4,0.0,429.5,,0.0,0.0,429.5,,0.0,0.0,429.5,,0.0,0.0,429.5
18713,MINIFIBERS,1/150/50 100% Polyethylene White MUST HAVE APPROVAL TO USE THIS YARN ,White,109.1,474.0,0.0,-364.9,0.0,,474.0,0.0,-364.9,,0.0,0.0,-364.9,,0.0,0.0,-364.9,,0.0,0.0,-364.9,,0.0,0.0,-364.9,,0.0,0.0,-364.9,,0.0,0.0,-364.9,,0.0,0.0,-364.9,,0.0,0.0,-364.9,,0.0,0.0,-364.9
14415,CREORA/US Hyosung,1/70 100% Spandex Clear H300 ,Clear,-323.7,964.7,850.0,-438.4,850.0,,0.0,0.0,-323.7,,0.0,0.0,-323.7,,0.0,0.0,-323.7,,0.0,0.0,-323.7,,0.0,0.0,-323.7,,0.0,0.0,-323.7,,0.0,0.0,-323.7,,0.0,0.0,-323.7,,0.0,0.0,-323.7,,964.7,0.0,"-1,288.4"
9863,UNIFI,1/2150/464 100% Polyester BLK/DOL 7-258 ,BLK/DOL,"3,648.4","13,430.7","23,396.0","13,613.7",396.0,,"3,908.1",0.0,-259.7,,0.0,"3,500.0","3,240.3",,0.0,"3,500.0","6,740.3",,0.0,"4,000.0","10,740.3",,0.0,"4,000.0","14,740.3",,0.0,"4,000.0","18,740.3",,0.0,"4,000.0","22,740.3",,0.0,0.0,"22,740.3",,0.0,0.0,"22,740.3",,"9,522.7",0.0,"13,217.7"
18865,UNIFI,1/70/34 100% Polyester Natural Virgin 56T ,Natural,-4.1,"1,790.7",0.0,"-1,794.8",0.0,,16.0,0.0,-20.1,,0.0,0.0,-20.1,,239.7,0.0,-259.8,,239.7,0.0,-499.5,,239.7,0.0,-739.2,,316.7,0.0,"-1,055.9",,239.7,0.0,"-1,295.6",,211.5,0.0,"-1,507.1",,0.0,0.0,"-1,507.1",,287.7,0.0,"-1,794.8"
13560,The LYCRA Company LLC,1/70 100% Lycra Semi Bright 582L ,Semi Bright,99.3,162.0,800.0,737.3,0.0,,110.8,0.0,-11.5,,33.0,0.0,-44.5,,0.0,0.0,-44.5,,0.0,0.0,-44.5,,0.0,800.0,755.5,,0.0,0.0,755.5,,0.0,0.0,755.5,,0.0,0.0,755.5,,0.0,0.0,755.5,,18.2,0.0,737.3
19089,FILSPEC Yarns,26/1 75/15/10 Modacrylic/Rayon/Nylon Natural Protex C - FR RS,Natural,0.0,"4,796.1","5,000.0",203.9,"5,000.0",,0.0,0.0,0.0,,296.1,0.0,-296.1,,0.0,0.0,-296.1,,0.0,0.0,-296.1,,"3,237.3",0.0,"-3,533.4",,"1,262.7",0.0,"-4,796.1",,0.0,0.0,"-4,796.1",,0.0,0.0,"-4,796.1",,0.0,0.0,"-4,796.1",,0.0,0.0,"-4,796.1"
19087,BUHLER QUALITY YARNS CORP,21/1 75/15/10 Protex F/Tencel G100/Nylon Natural ,Natural,0.0,0.0,270.0,270.0,0.0,,0.0,0.0,0.0,,0.0,0.0,0.0,,0.0,0.0,0.0,,0.0,0.0,0.0,,0.0,0.0,0.0,,0.0,0.0,0.0,,0.0,270.0,270.0,,0.0,0.0,270.0,,0.0,0.0,270.0,,0.0,0.0,270.0
19067,Marionette,1/150/48 100% Polyester Bright Trilobal Flat ,Bright,0.0,0.0,"44,000.0","44,000.0",0.0,,0.0,0.0,0.0,,0.0,0.0,0.0,,0.0,0.0,0.0,,0.0,0.0,0.0,,0.0,0.0,0.0,,0.0,0.0,0.0,,0.0,0.0,0.0,,0.0,0.0,0.0,,0.0,0.0,0.0,,0.0,"44,000.0","44,000.0"
19009,DECA GLOBAL,20/1 60/40 Combed Cotton/Polyester Natural RS,Natural,0.0,0.0,"8,000.0","8,000.0","8,000.0",,0.0,0.0,0.0,,0.0,0.0,0.0,,0.0,0.0,0.0,,0.0,0.0,0.0,,0.0,0.0,0.0,,0.0,0.0,0.0,,0.0,0.0,0.0,,0.0,0.0,0.0,,0.0,0.0,0.0,,0.0,0.0,0.0
19082,MOVEINA,27/1 100% Kevlar Black Z RS,Black,0.0,747.2,700.0,-47.2,0.0,,0.0,0.0,0.0,,0.0,0.0,0.0,,0.0,0.0,0.0,,0.0,700.0,700.0,,0.0,0.0,700.0,,0.0,0.0,700.0,,0.0,0.0,700.0,,0.0,0.0,700.0,,0.0,0.0,700.0,,747.2,0.0,-47.2
19025,DECA GLOBAL,1/150/36 100% Polyester Orange 3373-02 ,Orange,0.0,0.0,"7,000.0","7,000.0","7,000.0",,0.0,0.0,0.0,,0.0,0.0,0.0,,0.0,0.0,0.0,,0.0,0.0,0.0,,0.0,0.0,0.0,,0.0,0.0,0.0,,0.0,0.0,0.0,,0.0,0.0,0.0,,0.0,0.0,0.0,,0.0,0.0,0.0
19070,FILSPEC Yarns,46/1 100% Nomex Natural Z RS,Natural,0.0,"2,072.0","2,000.0",-72.0,0.0,,0.0,0.0,0.0,,0.0,0.0,0.0,,0.0,0.0,0.0,,"1,046.8","2,000.0",953.2,,"1,025.2",0.0,-72.0,,0.0,0.0,-72.0,,0.0,0.0,-72.0,,0.0,0.0,-72.0,,0.0,0.0,-72.0,,0.0,0.0,-72.0
18859,NANY,1/70/36 100% Polyester Semi Dull ,Semi Dull,0.0,0.0,"3,200.0","3,200.0","3,200.0",,0.0,0.0,0.0,,0.0,0.0,0.0,,0.0,0.0,0.0,,0.0,0.0,0.0,,0.0,0.0,0.0,,0.0,0.0,0.0,,0.0,0.0,0.0,,0.0,0.0,0.0,,0.0,0.0,0.0,,0.0,0.0,0.0
19088,UNIFI,1/70/68 100% Polyester Black AMY - Sorbtek ,Black,0.0,0.0,"2,500.0","2,500.0",0.0,,0.0,0.0,0.0,,0.0,0.0,0.0,,0.0,0.0,0.0,,0.0,0.0,0.0,,0.0,0.0,0.0,,0.0,"2,500.0","2,500.0",,0.0,0.0,"2,500.0",,0.0,0.0,"2,500.0",,0.0,0.0,"2,500.0",,0.0,0.0,"2,500.0"
19069,FILSPEC Yarns,46/1 100% Nomex Natural S RS,Natural,0.0,"2,072.0","2,000.0",-72.0,0.0,,0.0,0.0,0.0,,0.0,0.0,0.0,,0.0,0.0,0.0,,"1,046.8","2,000.0",953.2,,"1,025.2",0.0,-72.0,,0.0,0.0,-72.0,,0.0,0.0,-72.0,,0.0,0.0,-72.0,,0.0,0.0,-72.0,,0.0,0.0,-72.0
19081,MOVEINA,27/1 100% Kevlar Black S RS,Black,0.0,747.2,700.0,-47.2,0.0,,0.0,0.0,0.0,,0.0,0.0,0.0,,0.0,0.0,0.0,,0.0,700.0,700.0,,0.0,0.0,700.0,,0.0,0.0,700.0,,0.0,0.0,700.0,,0.0,0.0,700.0,,0.0,0.0,700.0,,747.2,0.0,-47.2
14895,SUPREME CORPORATION,1/200/74 96/4 Polyester/Carbonized Nylon Grey Z ,Grey,3.6,1.4,0.0,2.2,0.0,,0.0,0.0,3.6,,0.0,0.0,3.6,,0.0,0.0,3.6,,0.0,0.0,3.6,,0.0,0.0,3.6,,0.0,0.0,3.6,,0.0,0.0,3.6,,0.0,0.0,3.6,,0.0,0.0,3.6,,1.4,0.0,2.2
12066,NOBLE BIOMATERIALS INC,1/70/34 100% Nylon Silver XSTATI ,Silver,13.0,1.0,0.0,12.0,0.0,,0.0,0.0,13.0,,0.0,0.0,13.0,,0.0,0.0,13.0,,0.0,0.0,13.0,,0.0,0.0,13.0,,0.0,0.0,13.0,,0.0,0.0,13.0,,0.0,0.0,13.0,,0.0,0.0,13.0,,1.0,0.0,12.0
18654,BUHLER QUALITY YARNS CORP,20/1 85/15 Modacrylic/Tencel Natural MVS,Natural,31.0,0.0,"1,000.0","1,031.0","1,000.0",,0.0,0.0,31.0,,0.0,0.0,31.0,,0.0,0.0,31.0,,0.0,0.0,31.0,,0.0,0.0,31.0,,0.0,0.0,31.0,,0.0,0.0,31.0,,0.0,0.0,31.0,,0.0,0.0,31.0,,0.0,0.0,31.0
19066,UNIFI,1/300/68 100% Polyester Natural Set ,Natural,43.4,"5,821.6","5,494.9",-283.3,"5,494.9",,0.0,0.0,43.4,,0.0,0.0,43.4,,907.8,0.0,-864.4,,907.8,0.0,"-1,772.3",,907.8,0.0,"-2,680.1",,907.8,0.0,"-3,587.9",,907.8,0.0,"-4,495.8",,800.8,0.0,"-5,296.6",,0.0,0.0,"-5,296.6",,481.6,0.0,"-5,778.2"
14223,SPUNLAB,30/1 85/15 Modacrylic/Tencel Natural PCG100 RS,Natural,44.1,1.3,0.0,42.8,0.0,,0.0,0.0,44.1,,0.0,0.0,44.1,,0.0,0.0,44.1,,0.0,0.0,44.1,,0.0,0.0,44.1,,0.0,0.0,44.1,,0.0,0.0,44.1,,0.0,0.0,44.1,,0.0,0.0,44.1,,1.3,0.0,42.8
19033,VERTEX,1/300/120 100% Polyethylene Black ,Black,64.0,0.0,"3,000.0","3,064.0","3,000.0",,0.0,0.0,64.0,,0.0,0.0,64.0,,0.0,0.0,64.0,,0.0,0.0,64.0,,0.0,0.0,64.0,,0.0,0.0,64.0,,0.0,0.0,64.0,,0.0,0.0,64.0,,0.0,0.0,64.0,,0.0,0.0,64.0
18888,"EDPA USA, LLC",30/1 50/50 Polyester/Cotton Black 65% ,Black 65%,102.0,0.0,0.0,102.0,0.0,,0.0,0.0,102.0,,0.0,0.0,102.0,,0.0,0.0,102.0,,0.0,0.0,102.0,,0.0,0.0,102.0,,0.0,0.0,102.0,,0.0,0.0,102.0,,0.0,0.0,102.0,,0.0,0.0,102.0,,0.0,0.0,102.0
18565,MERIDIAN SPECIALTY YARN GROUP INC,2/450/288 100% Polyester Mink ,Mink,275.4,171.0,0.0,104.4,0.0,,171.0,0.0,104.4,,0.0,0.0,104.4,,0.0,0.0,104.4,,0.0,0.0,104.4,,0.0,0.0,104.4,,0.0,0.0,104.4,,0.0,0.0,104.4,,0.0,0.0,104.4,,0.0,0.0,104.4,,0.0,0.0,104.4
12047,OMARA TEXTILES,1/150/36 100%L44 Polyester Silver FLTBRT ,Silver,104.6,793.0,"3,000.0","2,311.6","3,000.0",,0.0,0.0,104.6,,182.6,0.0,-78.0,,182.6,0.0,-260.6,,182.6,0.0,-443.1,,182.6,0.0,-625.7,,62.7,0.0,-688.4,,0.0,0.0,-688.4,,0.0,0.0,-688.4,,0.0,0.0,-688.4,,0.0,0.0,-688.4
14734,XLANCE,1/83 100% XLANCE Natural ELASTOLEFIN ,Natural,118.2,105.6,0.0,12.6,0.0,,0.0,0.0,118.2,,0.0,0.0,118.2,,0.0,0.0,118.2,,0.0,0.0,118.2,,0.0,0.0,118.2,,0.0,0.0,118.2,,0.0,0.0,118.2,,0.0,0.0,118.2,,0.0,0.0,118.2,,105.6,0.0,12.6
19031,BUHLER QUALITY YARNS CORP,36/1 45/40/15 Modacrylic/Lenzing FR/Twaron Black MVS,Black,120.3,6.4,0.0,113.9,0.0,,0.0,0.0,120.3,,0.0,0.0,120.3,,0.0,0.0,120.3,,0.0,0.0,120.3,,0.0,0.0,120.3,,0.0,0.0,120.3,,0.0,0.0,120.3,,0.0,0.0,120.3,,0.0,0.0,120.3,,6.4,0.0,113.9
10995,UNIFI,1/2150/408 100% Polyester SOLID BLK ,SOLID BLK,646.6,521.1,0.0,125.5,0.0,,521.1,0.0,125.5,,0.0,0.0,125.5,,0.0,0.0,125.5,,0.0,0.0,125.5,,0.0,0.0,125.5,,0.0,0.0,125.5,,0.0,0.0,125.5,,0.0,0.0,125.5,,0.0,0.0,125.5,,0.0,0.0,125.5
11648,SAPONA,1/40/34 100% Nylon Semi Dull STR ,Semi Dull,128.8,0.0,0.0,128.8,0.0,,0.0,0.0,128.8,,0.0,0.0,128.8,,0.0,0.0,128.8,,0.0,0.0,128.8,,0.0,0.0,128.8,,0.0,0.0,128.8,,0.0,0.0,128.8,,0.0,0.0,128.8,,0.0,0.0,128.8,,0.0,0.0,128.8
19078,COMTRADE,40/1 100% Combed Cotton Natural RS,Natural,145.3,67.6,0.0,77.7,0.0,,0.0,0.0,145.3,,0.0,0.0,145.3,,0.0,0.0,145.3,,0.0,0.0,145.3,,0.0,0.0,145.3,,0.0,0.0,145.3,,0.0,0.0,145.3,,0.0,0.0,145.3,,0.0,0.0,145.3,,67.6,0.0,77.7
18629,R BELDA LLORENS,30/1 50/50 Polyester/Reclaimed Cotton Evening Haze recycled poly/recycled cotton DVE ,Evening Haze,165.8,151.4,0.0,14.4,0.0,,0.0,0.0,165.8,,0.0,0.0,165.8,,0.0,0.0,165.8,,0.0,0.0,165.8,,0.0,0.0,165.8,,0.0,0.0,165.8,,0.0,0.0,165.8,,0.0,0.0,165.8,,0.0,0.0,165.8,,151.4,0.0,14.4
11409,TOPL,1/20/12 100% Polyester Semi Dull ,Semi Dull,166.5,1.5,0.0,165.0,0.0,,0.0,0.0,166.5,,0.0,0.0,166.5,,0.0,0.0,166.5,,0.0,0.0,166.5,,0.0,0.0,166.5,,0.0,0.0,166.5,,0.0,0.0,166.5,,0.0,0.0,166.5,,0.0,0.0,166.5,,1.5,0.0,165.0
19071,DRAKE EXTRUSION INC,1/70/36 100% Polypropylene Black PCR with Hindered Amine Light Stablilizer ,Black,0.0,0.0,168.0,168.0,0.0,,0.0,168.0,168.0,,0.0,0.0,168.0,,0.0,0.0,168.0,,0.0,0.0,168.0,,0.0,0.0,168.0,,0.0,0.0,168.0,,0.0,0.0,168.0,,0.0,0.0,168.0,,0.0,0.0,168.0,,0.0,0.0,168.0
11505,UNIFI,1/2000/408 100% Polyester BLK/BRN SATUR ,BLK/BRN,496.4,325.8,0.0,170.6,0.0,,325.8,0.0,170.6,,0.0,0.0,170.6,,0.0,0.0,170.6,,0.0,0.0,170.6,,0.0,0.0,170.6,,0.0,0.0,170.6,,0.0,0.0,170.6,,0.0,0.0,170.6,,0.0,0.0,170.6,,0.0,0.0,170.6
18958,SAPONA,1/150/34 100% Polyester Ruby Red Solution dyed - Set No Tacks ,Ruby Red,354.2,172.6,0.0,181.6,0.0,,172.6,0.0,181.6,,0.0,0.0,181.6,,0.0,0.0,181.6,,0.0,0.0,181.6,,0.0,0.0,181.6,,0.0,0.0,181.6,,0.0,0.0,181.6,,0.0,0.0,181.6,,0.0,0.0,181.6,,0.0,0.0,181.6
18725,MERIDIAN SPECIALTY YARN GROUP INC,1/150/36 100% Polyester Lookout 4015-0178-A ,Lookout,188.6,5.4,0.0,183.3,0.0,,5.4,0.0,183.3,,0.0,0.0,183.3,,0.0,0.0,183.3,,0.0,0.0,183.3,,0.0,0.0,183.3,,0.0,0.0,183.3,,0.0,0.0,183.3,,0.0,0.0,183.3,,0.0,0.0,183.3,,0.0,0.0,183.3
12078,NASP,1/150/36 100% Polyester Paris Blue V931 ,Paris Blue,201.8,6.6,0.0,195.1,0.0,,0.0,0.0,201.8,,0.0,0.0,201.8,,0.0,0.0,201.8,,0.0,0.0,201.8,,0.0,0.0,201.8,,0.0,0.0,201.8,,0.0,0.0,201.8,,0.0,0.0,201.8,,0.0,0.0,201.8,,6.6,0.0,195.1
18510,"BIELTEX, S.L.",40/1 100% Combed Cotton Natural RS,Natural,221.6,311.7,0.0,-90.1,0.0,,0.0,0.0,221.6,,0.0,0.0,221.6,,0.0,0.0,221.6,,0.0,0.0,221.6,,0.0,0.0,221.6,,0.0,0.0,221.6,,0.0,0.0,221.6,,0.0,0.0,221.6,,0.0,0.0,221.6,,311.7,0.0,-90.1
18318,SPUNLAB,30/1 70/10/20 Polyester/Cotton/Rayon Black 65% 12% Black Poly 8097 RS,Black 65%,229.0,7.2,0.0,221.8,0.0,,7.2,0.0,221.8,,0.0,0.0,221.8,,0.0,0.0,221.8,,0.0,0.0,221.8,,0.0,0.0,221.8,,0.0,0.0,221.8,,0.0,0.0,221.8,,0.0,0.0,221.8,,0.0,0.0,221.8,,0.0,0.0,221.8
11427,OMARA TEXTILES,1/145/34 100% Polyester Almond H75 ,Almond,329.1,103.2,0.0,225.9,0.0,,103.2,0.0,225.9,,0.0,0.0,225.9,,0.0,0.0,225.9,,0.0,0.0,225.9,,0.0,0.0,225.9,,0.0,0.0,225.9,,0.0,0.0,225.9,,0.0,0.0,225.9,,0.0,0.0,225.9,,0.0,0.0,225.9
18893,DECA GLOBAL,1/150/48 100% Polyester Connect Blue ,Connect Blue,230.7,823.3,"12,000.0","11,407.5","12,000.0",,0.0,0.0,230.7,,249.0,0.0,-18.3,,0.0,0.0,-18.3,,0.0,0.0,-18.3,,0.0,0.0,-18.3,,320.8,0.0,-339.0,,0.0,0.0,-339.0,,0.0,0.0,-339.0,,0.0,0.0,-339.0,,253.5,0.0,-592.5
18884,BUHLER QUALITY YARNS CORP,21/1 75/15/10 Modacrylic/Tencel/Nylon Natural Protex C - G100 MVS,Natural,234.3,"37,648.2","29,236.6","-8,177.3","29,236.6",,0.0,0.0,234.3,,0.0,0.0,234.3,,"5,411.9",0.0,"-5,177.6",,"5,411.9",0.0,"-10,589.5",,"3,574.3",0.0,"-14,163.9",,"5,411.9",0.0,"-19,575.8",,"5,411.9",0.0,"-24,987.7",,"5,411.9",0.0,"-30,399.7",,"5,411.9",0.0,"-35,811.6",,"1,602.3",0.0,"-37,413.9"
10153,UNIFI,2/150/34 100% Polyester WHEAT 1196F ,WHEAT,247.9,"1,407.6","1,000.0",-159.7,0.0,,0.0,0.0,247.9,,0.0,0.0,247.9,,0.0,0.0,247.9,,0.0,"1,000.0","1,247.9",,0.0,0.0,"1,247.9",,0.0,0.0,"1,247.9",,0.0,0.0,"1,247.9",,0.0,0.0,"1,247.9",,0.0,0.0,"1,247.9",,"1,407.6",0.0,-159.7
18959,SAPONA,1/150/34 100% Polyester Petrol Solution dyed - Set No Tacks ,Petrol,442.5,172.6,0.0,269.9,0.0,,172.6,0.0,269.9,,0.0,0.0,269.9,,0.0,0.0,269.9,,0.0,0.0,269.9,,0.0,0.0,269.9,,0.0,0.0,269.9,,0.0,0.0,269.9,,0.0,0.0,269.9,,0.0,0.0,269.9,,0.0,0.0,269.9
18413,DECA GLOBAL,1/300/72 100% Polyester Natural STR ,Natural,276.1,0.0,"42,000.0","42,276.1","42,000.0",,0.0,0.0,276.1,,0.0,0.0,276.1,,0.0,0.0,276.1,,0.0,0.0,276.1,,0.0,0.0,276.1,,0.0,0.0,276.1,,0.0,0.0,276.1,,0.0,0.0,276.1,,0.0,0.0,276.1,,0.0,0.0,276.1
18966,Betareks A. S.,1/69 100% Lurex Silver 2X20 silver lurex ,Silver,297.8,416.0,0.0,-118.2,0.0,,0.0,0.0,297.8,,95.8,0.0,202.0,,95.8,0.0,106.3,,95.8,0.0,10.5,,95.8,0.0,-85.3,,32.9,0.0,-118.2,,0.0,0.0,-118.2,,0.0,0.0,-118.2,,0.0,0.0,-118.2,,0.0,0.0,-118.2
18956,SAPONA,1/150/34 100% Polyester Global Black Solution dyed - Set No Tacks ,Global Black,508.8,172.0,0.0,336.8,0.0,,172.0,0.0,336.8,,0.0,0.0,336.8,,0.0,0.0,336.8,,0.0,0.0,336.8,,0.0,0.0,336.8,,0.0,0.0,336.8,,0.0,0.0,336.8,,0.0,0.0,336.8,,0.0,0.0,336.8,,0.0,0.0,336.8
13794,SPUNLAB,30/1 55/45 Modacrylic/Karded Cotton Natural PRTXC ,Natural,342.9,0.0,0.0,342.9,0.0,,0.0,0.0,342.9,,0.0,0.0,342.9,,0.0,0.0,342.9,,0.0,0.0,342.9,,0.0,0.0,342.9,,0.0,0.0,342.9,,0.0,0.0,342.9,,0.0,0.0,342.9,,0.0,0.0,342.9,,0.0,0.0,342.9
18229,MERIDIAN SPECIALTY YARN GROUP INC,1/150/36 100% Polyester LT GREY ,LT GREY,379.0,6.3,0.0,372.7,0.0,,6.3,0.0,372.7,,0.0,0.0,372.7,,0.0,0.0,372.7,,0.0,0.0,372.7,,0.0,0.0,372.7,,0.0,0.0,372.7,,0.0,0.0,372.7,,0.0,0.0,372.7,,0.0,0.0,372.7,,0.0,0.0,372.7
12321,UNIFI,1/100/96 100% Polyester Natural SETTS ,Natural,373.6,"3,083.4",0.0,"-2,709.7",0.0,,0.0,0.0,373.6,,0.0,0.0,373.6,,0.0,0.0,373.6,,0.0,0.0,373.6,,0.0,0.0,373.6,,0.0,0.0,373.6,,0.0,0.0,373.6,,0.0,0.0,373.6,,0.0,0.0,373.6,,"3,083.4",0.0,"-2,709.7"
14270,SPUNLAB,26/1 75/15/10 Modacrylic/Rayon/Nylon Natural PROCFR RS,Natural,393.5,279.6,0.0,113.9,0.0,,0.0,0.0,393.5,,0.0,0.0,393.5,,0.0,0.0,393.5,,0.0,0.0,393.5,,0.0,0.0,393.5,,0.0,0.0,393.5,,0.0,0.0,393.5,,0.0,0.0,393.5,,0.0,0.0,393.5,,279.6,0.0,113.9
18442,MERIDIAN SPECIALTY YARN GROUP INC,1/150/36 100% Polyester Mink ,Mink,398.9,7.3,0.0,391.6,0.0,,0.0,0.0,398.9,,0.0,0.0,398.9,,0.0,0.0,398.9,,0.0,0.0,398.9,,0.0,0.0,398.9,,0.0,0.0,398.9,,0.0,0.0,398.9,,0.0,0.0,398.9,,0.0,0.0,398.9,,7.3,0.0,391.6
18955,SAPONA,1/150/34 100% Polyester Radar Red Solution dyed - Set No Tacks ,Radar Red,606.8,172.0,0.0,434.8,0.0,,172.0,0.0,434.8,,0.0,0.0,434.8,,0.0,0.0,434.8,,0.0,0.0,434.8,,0.0,0.0,434.8,,0.0,0.0,434.8,,0.0,0.0,434.8,,0.0,0.0,434.8,,0.0,0.0,434.8,,0.0,0.0,434.8
18703,DECA GLOBAL,38/1 60/40 Combed Cotton/Polyester Semi Dull RS,Semi Dull,441.8,"2,435.9","18,879.9","16,885.8","18,879.9",,0.0,0.0,441.8,,0.0,0.0,441.8,,0.0,0.0,441.8,,0.0,0.0,441.8,,0.0,0.0,441.8,,0.0,0.0,441.8,,0.0,0.0,441.8,,0.0,0.0,441.8,,0.0,0.0,441.8,,"2,435.9",0.0,"-1,994.1"
11967,OMARA TEXTILES,1/150/34 100% Polyester Merrimack A368 ,Merrimack,443.4,0.0,885.0,"1,328.4",885.0,,0.0,0.0,443.4,,0.0,0.0,443.4,,0.0,0.0,443.4,,0.0,0.0,443.4,,0.0,0.0,443.4,,0.0,0.0,443.4,,0.0,0.0,443.4,,0.0,0.0,443.4,,0.0,0.0,443.4,,0.0,0.0,443.4
18804,BUHLER QUALITY YARNS CORP,30/1 60/30/10 Modacrylic/Tencel/Twaron Grey Protex A - Tencel G100-Black Twaron MVS,Grey,448.0,0.8,0.0,447.2,0.0,,0.0,0.0,448.0,,0.0,0.0,448.0,,0.0,0.0,448.0,,0.0,0.0,448.0,,0.0,0.0,448.0,,0.0,0.0,448.0,,0.0,0.0,448.0,,0.0,0.0,448.0,,0.0,0.0,448.0,,0.8,0.0,447.2
18599,The LYCRA Company LLC,1/20 100% Lycra Semi Bright 582L ,Semi Bright,451.8,0.0,0.0,451.8,0.0,,0.0,0.0,451.8,,0.0,0.0,451.8,,0.0,0.0,451.8,,0.0,0.0,451.8,,0.0,0.0,451.8,,0.0,0.0,451.8,,0.0,0.0,451.8,,0.0,0.0,451.8,,0.0,0.0,451.8,,0.0,0.0,451.8
18819,MERIDIAN SPECIALTY YARN GROUP INC,1/150/36 100% Polyester Brown Mink ,Brown Mink,496.6,6.8,0.0,489.9,0.0,,0.0,0.0,496.6,,0.0,0.0,496.6,,0.0,0.0,496.6,,0.0,0.0,496.6,,0.0,0.0,496.6,,0.0,0.0,496.6,,0.0,0.0,496.6,,0.0,0.0,496.6,,0.0,0.0,496.6,,6.8,0.0,489.9
18517,DECA GLOBAL,1/100/96 100% Polyester Natural Z ,Natural,543.3,64.9,0.0,478.5,0.0,,0.0,0.0,543.3,,0.0,0.0,543.3,,0.0,0.0,543.3,,0.0,0.0,543.3,,0.0,0.0,543.3,,0.0,0.0,543.3,,0.0,0.0,543.3,,0.0,0.0,543.3,,0.0,0.0,543.3,,64.9,0.0,478.5
18387,UNIFI,1/750/192 100% Polyester Grey 0690Q ,Grey,847.2,273.2,0.0,574.0,0.0,,273.2,0.0,574.0,,0.0,0.0,574.0,,0.0,0.0,574.0,,0.0,0.0,574.0,,0.0,0.0,574.0,,0.0,0.0,574.0,,0.0,0.0,574.0,,0.0,0.0,574.0,,0.0,0.0,574.0,,0.0,0.0,574.0
18899,PARKDALE YARN MILLS,30/1 98/2 Polyester Ashe 2% MVS,Ashe 2%,582.3,59.7,0.0,522.7,0.0,,0.0,0.0,582.3,,0.0,0.0,582.3,,0.0,0.0,582.3,,0.0,0.0,582.3,,0.0,0.0,582.3,,0.0,0.0,582.3,,0.0,0.0,582.3,,0.0,0.0,582.3,,0.0,0.0,582.3,,59.7,0.0,522.7
18773,VERTEX,1/300/120 100% Polyethylene Haze Melange ,Haze Melange,601.3,256.9,0.0,344.5,0.0,,0.0,0.0,601.3,,0.0,0.0,601.3,,0.0,0.0,601.3,,0.0,0.0,601.3,,0.0,0.0,601.3,,0.0,0.0,601.3,,0.0,0.0,601.3,,0.0,0.0,601.3,,0.0,0.0,601.3,,256.9,0.0,344.5
18616,AKRA POLYESTER GROUP/DAK,1/150/36 100% Polyester Blue Navy ,Blue Navy,630.4,11.2,0.0,619.2,0.0,,11.2,0.0,619.2,,0.0,0.0,619.2,,0.0,0.0,619.2,,0.0,0.0,619.2,,0.0,0.0,619.2,,0.0,0.0,619.2,,0.0,0.0,619.2,,0.0,0.0,619.2,,0.0,0.0,619.2,,0.0,0.0,619.2
18143,OMARA TEXTILES,1/150/36 100% Polyester PENNY U622 ,PENNY,635.8,3.4,0.0,632.5,0.0,,0.0,0.0,635.8,,0.0,0.0,635.8,,0.0,0.0,635.8,,0.0,0.0,635.8,,0.0,0.0,635.8,,0.0,0.0,635.8,,0.0,0.0,635.8,,0.0,0.0,635.8,,0.0,0.0,635.8,,3.4,0.0,632.5
18961,OMARA TEXTILES,1/150/34 100% Polyester Dawn Grey ,Dawn Grey,718.7,"7,386.0","5,000.0","-1,667.3",0.0,,5.7,0.0,713.0,,0.0,0.0,713.0,,973.4,"2,500.0","2,239.5",,973.4,"2,500.0","3,766.1",,973.4,0.0,"2,792.7",,973.4,0.0,"1,819.2",,973.4,0.0,845.8,,902.5,0.0,-56.8,,371.6,0.0,-428.4,,"1,239.0",0.0,"-1,667.3"
19072,"North Carolina Spinning Mills, Inc",20/1 100% Combed Cotton Natural Organic ,Natural,721.6,437.4,0.0,284.2,0.0,,0.0,0.0,721.6,,0.0,0.0,721.6,,0.0,0.0,721.6,,0.0,0.0,721.6,,0.0,0.0,721.6,,0.0,0.0,721.6,,0.0,0.0,721.6,,0.0,0.0,721.6,,0.0,0.0,721.6,,437.4,0.0,284.2
18813,FILS,26/1 100% Nomex Tan 499 ,Tan 499,723.0,1.6,0.0,721.4,0.0,,0.0,0.0,723.0,,0.0,0.0,723.0,,0.0,0.0,723.0,,0.0,0.0,723.0,,0.0,0.0,723.0,,0.0,0.0,723.0,,0.0,0.0,723.0,,0.0,0.0,723.0,,0.0,0.0,723.0,,1.6,0.0,721.4
18679,UNIFI,1/70/68 100% Polyester Semi Dull 100% Celliant Repreve ,Semi Dull,728.6,442.0,0.0,286.6,0.0,,0.0,0.0,728.6,,101.8,0.0,626.8,,101.8,0.0,525.1,,101.8,0.0,423.3,,101.8,0.0,321.6,,35.0,0.0,286.6,,0.0,0.0,286.6,,0.0,0.0,286.6,,0.0,0.0,286.6,,0.0,0.0,286.6
18307,MERIDIAN SPECIALTY YARN GROUP INC,1/150/36 100% Polyester IRIS ,IRIS,744.2,101.0,0.0,643.2,0.0,,0.0,0.0,744.2,,0.0,0.0,744.2,,0.0,0.0,744.2,,0.0,0.0,744.2,,0.0,0.0,744.2,,0.0,0.0,744.2,,0.0,0.0,744.2,,0.0,0.0,744.2,,0.0,0.0,744.2,,101.0,0.0,643.2
18622,OMARA TEXTILES,1/150/36 100% Polyester Basalt HOY Flat Bright ,Basalt,747.0,5.7,0.0,741.2,0.0,,0.0,0.0,747.0,,0.0,0.0,747.0,,0.0,0.0,747.0,,0.0,0.0,747.0,,0.0,0.0,747.0,,0.0,0.0,747.0,,0.0,0.0,747.0,,0.0,0.0,747.0,,0.0,0.0,747.0,,5.7,0.0,741.2
18811,COAT,26/1 100% Nomex Freedom Sage ,Freedom Sage,786.0,1.6,0.0,784.4,0.0,,0.0,0.0,786.0,,0.0,0.0,786.0,,0.0,0.0,786.0,,0.0,0.0,786.0,,0.0,0.0,786.0,,0.0,0.0,786.0,,0.0,0.0,786.0,,0.0,0.0,786.0,,0.0,0.0,786.0,,1.6,0.0,784.4
13364,PARKDALE YARN MILLS,20/1 100% Karded Cotton Natural OE,Natural,800.0,940.0,0.0,-140.0,0.0,,0.0,0.0,800.0,,0.0,0.0,800.0,,0.0,0.0,800.0,,0.0,0.0,800.0,,0.0,0.0,800.0,,0.0,0.0,800.0,,0.0,0.0,800.0,,0.0,0.0,800.0,,0.0,0.0,800.0,,940.0,0.0,-140.0
18419,UNIFI,1/70/34 100% Nylon Tan 5902P ,Tan,810.4,0.0,0.0,810.4,0.0,,0.0,0.0,810.4,,0.0,0.0,810.4,,0.0,0.0,810.4,,0.0,0.0,810.4,,0.0,0.0,810.4,,0.0,0.0,810.4,,0.0,0.0,810.4,,0.0,0.0,810.4,,0.0,0.0,810.4,,0.0,0.0,810.4
18293,MERIDIAN SPECIALTY YARN GROUP INC,1/150/36 100% Polyester MAR ROYAL 4015-01240 ,MAR ROYAL,810.8,609.5,840.0,"1,041.3",0.0,,0.0,0.0,810.8,,0.0,840.0,"1,650.8",,0.0,0.0,"1,650.8",,0.0,0.0,"1,650.8",,0.0,0.0,"1,650.8",,0.0,0.0,"1,650.8",,0.0,0.0,"1,650.8",,0.0,0.0,"1,650.8",,0.0,0.0,"1,650.8",,609.5,0.0,"1,041.3"
18974,CELANESE,1/40/3 100% Neolast Natural ,Natural,831.1,31.6,0.0,799.5,0.0,,0.0,0.0,831.1,,0.0,0.0,831.1,,0.0,0.0,831.1,,0.0,0.0,831.1,,0.0,0.0,831.1,,0.0,0.0,831.1,,0.0,0.0,831.1,,0.0,0.0,831.1,,0.0,0.0,831.1,,31.6,0.0,799.5
18732,COAT,30/1 50/30/20 Modacrylic/Tencel/Para Aramid Grey Protex C - A100 - Kolon para aramid RS,Grey,859.0,0.3,0.0,858.7,0.0,,0.0,0.0,859.0,,0.0,0.0,859.0,,0.0,0.0,859.0,,0.0,0.0,859.0,,0.0,0.0,859.0,,0.0,0.0,859.0,,0.0,0.0,859.0,,0.0,0.0,859.0,,0.0,0.0,859.0,,0.3,0.0,858.7
18785,VERTEX,1/300/120 100% Polyethylene Dark Grey ,Dark Grey,983.6,0.0,"10,340.0","11,323.6","10,340.0",,0.0,0.0,983.6,,0.0,0.0,983.6,,0.0,0.0,983.6,,0.0,0.0,983.6,,0.0,0.0,983.6,,0.0,0.0,983.6,,0.0,0.0,983.6,,0.0,0.0,983.6,,0.0,0.0,983.6,,0.0,0.0,983.6
18795,BUHLER QUALITY YARNS CORP,36/1 55/35/10 Modacrylic/Tencel/Twaron Natural Protex C - G100 - Natural Twaron MVS,Natural,"1,003.0",0.0,0.0,"1,003.0",0.0,,0.0,0.0,"1,003.0",,0.0,0.0,"1,003.0",,0.0,0.0,"1,003.0",,0.0,0.0,"1,003.0",,0.0,0.0,"1,003.0",,0.0,0.0,"1,003.0",,0.0,0.0,"1,003.0",,0.0,0.0,"1,003.0",,0.0,0.0,"1,003.0",,0.0,0.0,"1,003.0"
18929,The LYCRA Company LLC,1/40 100% Lycra Bright Non-Compliant ,Bright,"1,023.9","2,222.1","3,200.0","2,001.8",0.0,,20.7,0.0,"1,003.2",,80.1,0.0,923.1,,123.9,0.0,799.2,,123.9,0.0,675.3,,123.9,0.0,551.4,,86.4,0.0,465.0,,64.2,0.0,400.8,,53.9,800.0,"1,146.9",,20.6,0.0,"1,126.2",,"1,524.4","2,400.0","2,001.8"
18962,AKRA POLYESTER GROUP/DAK,1/110/36 100% Polyester Natural Stretch no tacks ,Natural,"1,005.3",0.0,0.0,"1,005.3",0.0,,0.0,0.0,"1,005.3",,0.0,0.0,"1,005.3",,0.0,0.0,"1,005.3",,0.0,0.0,"1,005.3",,0.0,0.0,"1,005.3",,0.0,0.0,"1,005.3",,0.0,0.0,"1,005.3",,0.0,0.0,"1,005.3",,0.0,0.0,"1,005.3",,0.0,0.0,"1,005.3"
13545,The LYCRA Company LLC,1/40 100% Lycra Semi Bright 582L ,Semi Bright,"1,045.6",25.8,0.0,"1,019.9",0.0,,0.0,0.0,"1,045.6",,3.9,0.0,"1,041.7",,0.0,0.0,"1,041.7",,0.0,0.0,"1,041.7",,0.0,0.0,"1,041.7",,0.0,0.0,"1,041.7",,0.0,0.0,"1,041.7",,0.0,0.0,"1,041.7",,0.0,0.0,"1,041.7",,21.9,0.0,"1,019.9"
11759,UNIFI,1/150/34 100% Polyester Natural SETNTS ,Natural,"1,064.9",13.5,0.0,"1,051.4",0.0,,13.5,0.0,"1,051.4",,0.0,0.0,"1,051.4",,0.0,0.0,"1,051.4",,0.0,0.0,"1,051.4",,0.0,0.0,"1,051.4",,0.0,0.0,"1,051.4",,0.0,0.0,"1,051.4",,0.0,0.0,"1,051.4",,0.0,0.0,"1,051.4",,0.0,0.0,"1,051.4"
18184,OMARA TEXTILES,1/150/36 100% Polyester Capri U640 ,Capri,"1,091.7",0.0,"1,019.0","2,110.7","1,019.0",,0.0,0.0,"1,091.7",,0.0,0.0,"1,091.7",,0.0,0.0,"1,091.7",,0.0,0.0,"1,091.7",,0.0,0.0,"1,091.7",,0.0,0.0,"1,091.7",,0.0,0.0,"1,091.7",,0.0,0.0,"1,091.7",,0.0,0.0,"1,091.7",,0.0,0.0,"1,091.7"
18513,MERIDIAN SPECIALTY YARN GROUP INC,1/150/36 100% Polyester Ash Grey 4015-01470 ,Ash Grey,"1,110.0",6.3,0.0,"1,103.7",0.0,,6.3,0.0,"1,103.7",,0.0,0.0,"1,103.7",,0.0,0.0,"1,103.7",,0.0,0.0,"1,103.7",,0.0,0.0,"1,103.7",,0.0,0.0,"1,103.7",,0.0,0.0,"1,103.7",,0.0,0.0,"1,103.7",,0.0,0.0,"1,103.7",,0.0,0.0,"1,103.7"
18605,R BELDA LLORENS,30/1 50/50 Polyester/Reclaimed Cotton Lino recycled polyester/recycled cotton 155 RS,Lino,"1,104.9",103.0,0.0,"1,001.9",0.0,,0.0,0.0,"1,104.9",,0.0,0.0,"1,104.9",,0.0,0.0,"1,104.9",,0.0,0.0,"1,104.9",,0.0,0.0,"1,104.9",,0.0,0.0,"1,104.9",,0.0,0.0,"1,104.9",,0.0,0.0,"1,104.9",,0.0,0.0,"1,104.9",,103.0,0.0,"1,001.9"
18776,VERTEX,1/300/120 100% Polyethylene Argent Melange ,Argent,"1,174.0",12.2,0.0,"1,161.8",0.0,,12.2,0.0,"1,161.8",,0.0,0.0,"1,161.8",,0.0,0.0,"1,161.8",,0.0,0.0,"1,161.8",,0.0,0.0,"1,161.8",,0.0,0.0,"1,161.8",,0.0,0.0,"1,161.8",,0.0,0.0,"1,161.8",,0.0,0.0,"1,161.8",,0.0,0.0,"1,161.8"
18928,The LYCRA Company LLC,1/30 100% Lycra Semi Bright Non-Compliant ,Semi Bright,"1,187.6",15.0,0.0,"1,172.6",0.0,,0.0,0.0,"1,187.6",,0.0,0.0,"1,187.6",,0.0,0.0,"1,187.6",,0.0,0.0,"1,187.6",,0.0,0.0,"1,187.6",,0.0,0.0,"1,187.6",,0.0,0.0,"1,187.6",,0.0,0.0,"1,187.6",,0.0,0.0,"1,187.6",,15.0,0.0,"1,172.6"
18358,MERIDIAN SPECIALTY YARN GROUP INC,1/150/36 100% Polyester COBALT 01275 ,COBALT,"1,223.4",120.0,0.0,"1,103.4",0.0,,0.0,0.0,"1,223.4",,0.0,0.0,"1,223.4",,0.0,0.0,"1,223.4",,0.0,0.0,"1,223.4",,0.0,0.0,"1,223.4",,0.0,0.0,"1,223.4",,0.0,0.0,"1,223.4",,0.0,0.0,"1,223.4",,0.0,0.0,"1,223.4",,120.0,0.0,"1,103.4"
18133,OMARA TEXTILES,1/150/36 100% Polyester MOKKA J133 ,MOKKA,"1,592.0",363.0,0.0,"1,229.0",0.0,,363.0,0.0,"1,229.0",,0.0,0.0,"1,229.0",,0.0,0.0,"1,229.0",,0.0,0.0,"1,229.0",,0.0,0.0,"1,229.0",,0.0,0.0,"1,229.0",,0.0,0.0,"1,229.0",,0.0,0.0,"1,229.0",,0.0,0.0,"1,229.0",,0.0,0.0,"1,229.0"
18452,DECA GLOBAL,1/150/72 100% Polyester BLK/WHT STRIAT ,BLK/WHT,"1,263.8","3,088.8","2,200.0",375.1,0.0,,16.2,0.0,"1,247.6",,0.0,"2,200.0","3,447.6",,0.0,0.0,"3,447.6",,"1,182.9",0.0,"2,264.8",,497.1,0.0,"1,767.6",,"1,211.0",0.0,556.7,,175.0,0.0,381.6,,0.0,0.0,381.6,,0.0,0.0,381.6,,6.6,0.0,375.1
12243,The LYCRA Company LLC,1/20 100% Lycra BRT 162B ,BRT,"1,370.7",45.8,0.0,"1,324.9",0.0,,0.0,0.0,"1,370.7",,0.0,0.0,"1,370.7",,0.0,0.0,"1,370.7",,0.0,0.0,"1,370.7",,0.0,0.0,"1,370.7",,0.0,0.0,"1,370.7",,0.0,0.0,"1,370.7",,0.0,0.0,"1,370.7",,0.0,0.0,"1,370.7",,45.8,0.0,"1,324.9"
18320,PREMIERE FIBERS INC,1/70/34 100% Nylon Semi Dull FLAT ,Semi Dull,"1,720.8","2,123.5",0.0,-402.7,0.0,,336.9,0.0,"1,383.9",,336.9,0.0,"1,047.0",,336.9,0.0,710.1,,336.9,0.0,373.2,,336.9,0.0,36.3,,336.9,0.0,-300.6,,102.1,0.0,-402.7,,0.0,0.0,-402.7,,0.0,0.0,-402.7,,0.0,0.0,-402.7
18706,"SPRINGS CREATIVE PRODUCTS GROUP, LLC",11/1 59/41 Modacrylic/Fiberglass Natural ,Natural,"1,399.9",930.9,0.0,469.0,0.0,,0.0,0.0,"1,399.9",,606.0,0.0,793.9,,0.0,0.0,793.9,,0.0,0.0,793.9,,0.0,0.0,793.9,,0.0,0.0,793.9,,0.0,0.0,793.9,,0.0,0.0,793.9,,0.0,0.0,793.9,,324.9,0.0,469.0
18788,CS AMERICA,1/75/48 100% Polyester Semi Dull DTY 2H SET SIM ,Semi Dull,"1,401.2","3,480.0","2,100.0",21.2,0.0,,0.0,0.0,"1,401.2",,0.0,"2,100.0","3,501.2",,0.0,0.0,"3,501.2",,279.6,0.0,"3,221.6",,"1,025.2",0.0,"2,196.4",,"1,025.2",0.0,"1,171.2",,"1,025.2",0.0,145.9,,124.8,0.0,21.2,,0.0,0.0,21.2,,0.0,0.0,21.2
18344,UNIFI,1/70/36 100%RFLX Polyester Natural z Non TS STRNTS ,Natural,"1,411.3",48.5,0.0,"1,362.8",0.0,,0.0,0.0,"1,411.3",,0.0,0.0,"1,411.3",,0.0,0.0,"1,411.3",,0.0,0.0,"1,411.3",,0.0,0.0,"1,411.3",,0.0,0.0,"1,411.3",,0.0,0.0,"1,411.3",,0.0,0.0,"1,411.3",,0.0,0.0,"1,411.3",,48.5,0.0,"1,362.8"
18794,DECA GLOBAL,2/300/96 100% Polyester Black S&Z BSD DH HIM ,Black,"1,473.8",31.7,0.0,"1,442.0",0.0,,0.0,0.0,"1,473.8",,0.0,0.0,"1,473.8",,0.0,0.0,"1,473.8",,0.0,0.0,"1,473.8",,0.0,0.0,"1,473.8",,0.0,0.0,"1,473.8",,0.0,0.0,"1,473.8",,0.0,0.0,"1,473.8",,0.0,0.0,"1,473.8",,31.7,0.0,"1,442.0"
18935,MERIDIAN SPECIALTY YARN GROUP INC,1/150/36 100% Polyester Tide ,Tide,"1,580.7",0.0,0.0,"1,580.7",0.0,,0.0,0.0,"1,580.7",,0.0,0.0,"1,580.7",,0.0,0.0,"1,580.7",,0.0,0.0,"1,580.7",,0.0,0.0,"1,580.7",,0.0,0.0,"1,580.7",,0.0,0.0,"1,580.7",,0.0,0.0,"1,580.7",,0.0,0.0,"1,580.7",,0.0,0.0,"1,580.7"
18282,SAPONA,1/70/68 100% Nylon Natural ,Natural,"1,590.7",0.0,0.0,"1,590.7",0.0,,0.0,0.0,"1,590.7",,0.0,0.0,"1,590.7",,0.0,0.0,"1,590.7",,0.0,0.0,"1,590.7",,0.0,0.0,"1,590.7",,0.0,0.0,"1,590.7",,0.0,0.0,"1,590.7",,0.0,0.0,"1,590.7",,0.0,0.0,"1,590.7",,0.0,0.0,"1,590.7"
9296,UNIFI,1/150/34 100% Polyester Black SATURA ,Black,"1,631.4",0.0,0.0,"1,631.4",0.0,,0.0,0.0,"1,631.4",,0.0,0.0,"1,631.4",,0.0,0.0,"1,631.4",,0.0,0.0,"1,631.4",,0.0,0.0,"1,631.4",,0.0,0.0,"1,631.4",,0.0,0.0,"1,631.4",,0.0,0.0,"1,631.4",,0.0,0.0,"1,631.4",,0.0,0.0,"1,631.4"
13561,The LYCRA Company LLC,1/30 100% Lycra Semi Bright 582L ,Semi Bright,"1,698.6",0.7,0.0,"1,697.9",0.0,,0.0,0.0,"1,698.6",,0.0,0.0,"1,698.6",,0.0,0.0,"1,698.6",,0.0,0.0,"1,698.6",,0.0,0.0,"1,698.6",,0.0,0.0,"1,698.6",,0.0,0.0,"1,698.6",,0.0,0.0,"1,698.6",,0.0,0.0,"1,698.6",,0.7,0.0,"1,697.9"
18696,"B&W Fiber Glass, Inc",1/198 100% Glass Natural ,Natural,"1,722.6","15,441.1","16,000.0","2,281.6",0.0,,0.0,0.0,"1,722.6",,0.0,0.0,"1,722.6",,0.0,0.0,"1,722.6",,0.0,0.0,"1,722.6",,0.0,0.0,"1,722.6",,0.0,0.0,"1,722.6",,0.0,0.0,"1,722.6",,0.0,0.0,"1,722.6",,0.0,0.0,"1,722.6",,"15,441.1","16,000.0","2,281.6"
19062,PARKDALE YARN MILLS,50/1 100% Combed Cotton Natural Yeager waxed RS,Natural,"1,785.2",0.0,0.0,"1,785.2",0.0,,0.0,0.0,"1,785.2",,0.0,0.0,"1,785.2",,0.0,0.0,"1,785.2",,0.0,0.0,"1,785.2",,0.0,0.0,"1,785.2",,0.0,0.0,"1,785.2",,0.0,0.0,"1,785.2",,0.0,0.0,"1,785.2",,0.0,0.0,"1,785.2",,0.0,0.0,"1,785.2"
18991,INMAN MILLS,14/1 100% FRL-PZ Rayon Natural AJ,Natural,"1,804.3",0.0,"2,268.0","4,072.3","2,268.0",,0.0,0.0,"1,804.3",,0.0,0.0,"1,804.3",,0.0,0.0,"1,804.3",,0.0,0.0,"1,804.3",,0.0,0.0,"1,804.3",,0.0,0.0,"1,804.3",,0.0,0.0,"1,804.3",,0.0,0.0,"1,804.3",,0.0,0.0,"1,804.3",,0.0,0.0,"1,804.3"
18164,MERIDIAN SPECIALTY YARN GROUP INC,1/150/36 100% Polyester GLACRGREY ,GLACRGREY,"1,848.0",786.1,0.0,"1,061.9",0.0,,0.0,0.0,"1,848.0",,0.0,0.0,"1,848.0",,218.1,0.0,"1,629.8",,218.1,0.0,"1,411.7",,218.1,0.0,"1,193.5",,129.6,0.0,"1,064.0",,0.0,0.0,"1,064.0",,0.0,0.0,"1,064.0",,0.0,0.0,"1,064.0",,2.1,0.0,"1,061.9"
18845,CS AMERICA,1/75/72 100% Polyester Natural Non Metered - Sub Standard - SET ,Natural,"2,310.5","15,758.0","12,370.0","-1,077.5","-1,815.0",,0.0,-215.0,"2,095.5",,0.0,"1,600.0","3,695.5",,0.0,"1,600.0","5,295.5",,0.0,"1,600.0","6,895.5",,0.0,"1,600.0","8,495.5",,0.0,"1,600.0","10,095.5",,0.0,"1,600.0","11,695.5",,0.0,"1,600.0","13,295.5",,0.0,"1,600.0","14,895.5",,"15,758.0","1,600.0",737.5
18376,DECA GLOBAL,30/1 100% Polyester Natural RS,Natural,-298.5,"7,036.4","2,500.0","-4,835.0",0.0,,11.9,"2,500.0","2,189.5",,0.0,0.0,"2,189.5",,257.1,0.0,"1,932.4",,257.1,0.0,"1,675.3",,257.1,0.0,"1,418.2",,"1,055.2",0.0,363.0,,0.0,0.0,363.0,,0.0,0.0,363.0,,0.0,0.0,363.0,,"5,198.0",0.0,"-4,835.0"
18569,DECA GLOBAL,1/200/192 100% Polyester Semi Dull ,Semi Dull,"2,221.4","1,603.7",0.0,617.7,0.0,,0.0,0.0,"2,221.4",,0.0,0.0,"2,221.4",,0.0,0.0,"2,221.4",,0.0,0.0,"2,221.4",,0.0,0.0,"2,221.4",,0.0,0.0,"2,221.4",,0.0,0.0,"2,221.4",,0.0,0.0,"2,221.4",,0.0,0.0,"2,221.4",,"1,603.7",0.0,617.7
18415,UNIFI,1/50/68 100% Polyester CON BLACK 9458P ,CON BLACK,"2,327.4",62.6,0.0,"2,264.7",0.0,,0.0,0.0,"2,327.4",,0.0,0.0,"2,327.4",,0.0,0.0,"2,327.4",,0.0,0.0,"2,327.4",,0.0,0.0,"2,327.4",,0.0,0.0,"2,327.4",,0.0,0.0,"2,327.4",,0.0,0.0,"2,327.4",,0.0,0.0,"2,327.4",,62.6,0.0,"2,264.7"
18954,OMARA TEXTILES,1/150/34 100% Polyester Fosse Ink A1652 ,Fosse Ink,"2,419.0","6,202.9","10,670.0","6,886.1","2,670.0",,0.0,0.0,"2,419.0",,0.0,0.0,"2,419.0",,0.0,0.0,"2,419.0",,0.0,0.0,"2,419.0",,0.0,0.0,"2,419.0",,0.0,"2,000.0","4,419.0",,0.0,0.0,"4,419.0",,0.0,"2,000.0","6,419.0",,0.0,0.0,"6,419.0",,"6,202.9","4,000.0","4,216.1"
18553,SPUNLAB,28/1 80/20 Celliant/Polyester Natural RS,Natural,"2,483.7","2,267.0",0.0,216.7,0.0,,0.0,0.0,"2,483.7",,463.9,0.0,"2,019.8",,463.9,0.0,"1,555.9",,463.9,0.0,"1,092.0",,463.9,0.0,628.1,,159.4,0.0,468.7,,0.0,0.0,468.7,,0.0,0.0,468.7,,0.0,0.0,468.7,,252.0,0.0,216.7
18372,DECA GLOBAL,1/150/36 100% Polyester Black ,Black,"2,553.3","2,828.8","2,500.0","2,224.5",0.0,,0.0,0.0,"2,553.3",,0.0,0.0,"2,553.3",,0.0,"2,500.0","5,053.3",,630.9,0.0,"4,422.4",,265.1,0.0,"4,157.3",,0.0,0.0,"4,157.3",,0.0,0.0,"4,157.3",,0.0,0.0,"4,157.3",,0.0,0.0,"4,157.3",,"1,932.8",0.0,"2,224.5"
18742,The LYCRA Company LLC,1/78/68 100% Nylon Natural ,Natural,"2,583.4",0.0,0.0,"2,583.4",0.0,,0.0,0.0,"2,583.4",,0.0,0.0,"2,583.4",,0.0,0.0,"2,583.4",,0.0,0.0,"2,583.4",,0.0,0.0,"2,583.4",,0.0,0.0,"2,583.4",,0.0,0.0,"2,583.4",,0.0,0.0,"2,583.4",,0.0,0.0,"2,583.4",,0.0,0.0,"2,583.4"
18832,HICKORY THROWING COMPANY,30/1 60/40 Recycled Polyester/Recycled Cotton Marino OE,Marino,"2,629.9",414.0,0.0,"2,215.9",0.0,,0.0,0.0,"2,629.9",,0.0,0.0,"2,629.9",,0.0,0.0,"2,629.9",,0.0,0.0,"2,629.9",,0.0,0.0,"2,629.9",,0.0,0.0,"2,629.9",,0.0,0.0,"2,629.9",,0.0,0.0,"2,629.9",,0.0,0.0,"2,629.9",,414.0,0.0,"2,215.9"
18233,PROMPTEX YARNS INC,1/150/48 100% Polyester BRT TRILOB ,BRT,"2,754.8","4,308.4","5,000.0","3,446.4",0.0,,84.5,0.0,"2,670.3",,0.0,"5,000.0","7,670.3",,0.0,0.0,"7,670.3",,554.8,0.0,"7,115.5",,233.2,0.0,"6,882.3",,576.7,0.0,"6,305.6",,83.3,0.0,"6,222.3",,0.0,0.0,"6,222.3",,0.0,0.0,"6,222.3",,"2,775.9",0.0,"3,446.4"
18363,PROMPTEX YARNS INC,1/75/36 100% Polyester BLK SOLDY STRLTS ,BLK SOLDY,"2,705.0",499.9,0.0,"2,205.1",0.0,,0.0,0.0,"2,705.0",,0.0,0.0,"2,705.0",,0.0,0.0,"2,705.0",,0.0,0.0,"2,705.0",,0.0,0.0,"2,705.0",,0.0,0.0,"2,705.0",,0.0,0.0,"2,705.0",,0.0,0.0,"2,705.0",,0.0,0.0,"2,705.0",,499.9,0.0,"2,205.1"
18993,DECA GLOBAL,1/75/36 100% Polyester Black ,Black,"2,736.9","3,506.0","36,704.2","35,935.1","36,704.2",,0.0,0.0,"2,736.9",,0.0,0.0,"2,736.9",,0.0,0.0,"2,736.9",,0.0,0.0,"2,736.9",,0.0,0.0,"2,736.9",,0.0,0.0,"2,736.9",,0.0,0.0,"2,736.9",,0.0,0.0,"2,736.9",,0.0,0.0,"2,736.9",,"3,506.0",0.0,-769.1
18758,PREMIERE FIBERS INC,1/100/34 100% Nylon Semi Dull RNDFDY ,Semi Dull,"3,207.8","1,139.4",0.0,"2,068.4",0.0,,464.0,0.0,"2,743.8",,464.0,0.0,"2,279.7",,211.4,0.0,"2,068.4",,0.0,0.0,"2,068.4",,0.0,0.0,"2,068.4",,0.0,0.0,"2,068.4",,0.0,0.0,"2,068.4",,0.0,0.0,"2,068.4",,0.0,0.0,"2,068.4",,0.0,0.0,"2,068.4"
18894,DECA GLOBAL,1/150/48 100% Polyester Torso Blue ,Torso Blue,"2,748.5","4,947.1","5,000.0","2,801.4",0.0,,0.0,0.0,"2,748.5",,0.0,"5,000.0","7,748.5",,"1,307.2",0.0,"6,441.2",,"1,307.2",0.0,"5,134.0",,643.5,0.0,"4,490.5",,482.0,0.0,"4,008.5",,0.0,0.0,"4,008.5",,0.0,0.0,"4,008.5",,0.0,0.0,"4,008.5",,"1,207.1",0.0,"2,801.4"
18598,MERIDIAN SPECIALTY YARN GROUP INC,1/150/36 100% Polyester Paris Blue ,Paris Blue,"2,804.7","3,618.2",0.0,-813.4,0.0,,0.0,0.0,"2,804.7",,0.0,0.0,"2,804.7",,"1,318.3",0.0,"1,486.4",,"1,318.3",0.0,168.1,,759.8,0.0,-591.7,,129.6,0.0,-721.3,,0.0,0.0,-721.3,,0.0,0.0,-721.3,,0.0,0.0,-721.3,,92.2,0.0,-813.4
18341,UNIFI,1/70/36 100%RFLX Polyester Semi Dull S Non TS STRNTS ,Semi Dull,"2,851.6",47.8,0.0,"2,803.8",0.0,,0.0,0.0,"2,851.6",,0.0,0.0,"2,851.6",,0.0,0.0,"2,851.6",,0.0,0.0,"2,851.6",,0.0,0.0,"2,851.6",,0.0,0.0,"2,851.6",,0.0,0.0,"2,851.6",,0.0,0.0,"2,851.6",,0.0,0.0,"2,851.6",,47.8,0.0,"2,803.8"
18992,PARKDALE YARN MILLS,30/1 50/37/13 Polyester/Modal Rayon/Karded Cotton Natural RS,Natural,"2,899.4","1,309.2",0.0,"1,590.2",0.0,,0.0,0.0,"2,899.4",,0.0,0.0,"2,899.4",,0.0,0.0,"2,899.4",,0.0,0.0,"2,899.4",,0.0,0.0,"2,899.4",,0.0,0.0,"2,899.4",,0.0,0.0,"2,899.4",,0.0,0.0,"2,899.4",,0.0,0.0,"2,899.4",,"1,309.2",0.0,"1,590.2"
18522,PARKDALE YARN MILLS,28/1 100% Karded Cotton Natural OE,Natural,"2,969.0",8.2,0.0,"2,960.7",0.0,,0.0,0.0,"2,969.0",,0.0,0.0,"2,969.0",,0.0,0.0,"2,969.0",,0.0,0.0,"2,969.0",,0.0,0.0,"2,969.0",,0.0,0.0,"2,969.0",,0.0,0.0,"2,969.0",,0.0,0.0,"2,969.0",,0.0,0.0,"2,969.0",,8.2,0.0,"2,960.7"
19076,COMTRADE,24/1 100% Combed Cotton Natural RS,Natural,"2,982.9","2,592.9","8,400.0","8,790.0",0.0,,0.0,0.0,"2,982.9",,0.0,0.0,"2,982.9",,0.0,0.0,"2,982.9",,0.0,0.0,"2,982.9",,0.0,0.0,"2,982.9",,0.0,0.0,"2,982.9",,0.0,0.0,"2,982.9",,0.0,0.0,"2,982.9",,0.0,0.0,"2,982.9",,"2,592.9","8,400.0","8,790.0"
18910,PARKDALE YARN MILLS,30/1 99/1 Polyester Black 1% 99%natural poly/1%black poly MVS,Black 1%,"3,018.2","3,660.1",0.0,-641.9,0.0,,0.0,0.0,"3,018.2",,0.0,0.0,"3,018.2",,0.0,0.0,"3,018.2",,0.0,0.0,"3,018.2",,0.0,0.0,"3,018.2",,0.0,0.0,"3,018.2",,0.0,0.0,"3,018.2",,0.0,0.0,"3,018.2",,0.0,0.0,"3,018.2",,"3,660.1",0.0,-641.9
18900,PARKDALE YARN MILLS,30/1 96/4 Polyester Ashe 4% MVS,Ashe 4%,"3,032.7",290.8,0.0,"2,741.8",0.0,,0.0,0.0,"3,032.7",,0.0,0.0,"3,032.7",,0.0,0.0,"3,032.7",,0.0,0.0,"3,032.7",,0.0,0.0,"3,032.7",,286.0,0.0,"2,746.7",,0.0,0.0,"2,746.7",,0.0,0.0,"2,746.7",,0.0,0.0,"2,746.7",,4.8,0.0,"2,741.8"
18774,PARKDALE YARN MILLS,28/1 78/22 Modacrylic/Rayon Natural MVS,Natural,"3,167.9","2,206.5",0.0,961.4,0.0,,0.0,0.0,"3,167.9",,0.0,0.0,"3,167.9",,0.0,0.0,"3,167.9",,0.0,0.0,"3,167.9",,0.0,0.0,"3,167.9",,0.0,0.0,"3,167.9",,0.0,0.0,"3,167.9",,0.0,0.0,"3,167.9",,0.0,0.0,"3,167.9",,"2,206.5",0.0,961.4
18208,UNIFI,2/70/130 100% Polyester Heather SET TS ,Heather,"3,283.4","1,262.5",0.0,"2,020.9",0.0,,50.9,0.0,"3,232.5",,186.8,0.0,"3,045.7",,186.8,0.0,"2,859.0",,186.8,0.0,"2,672.2",,186.8,0.0,"2,485.4",,186.8,0.0,"2,298.7",,186.8,0.0,"2,111.9",,91.0,0.0,"2,020.9",,0.0,0.0,"2,020.9",,0.0,0.0,"2,020.9"
7726,PARKDALE YARN MILLS,12/1 100% Karded Cotton Natural OE,Natural,"3,298.7",28.6,0.0,"3,270.1",0.0,,0.0,0.0,"3,298.7",,0.0,0.0,"3,298.7",,0.0,0.0,"3,298.7",,0.0,0.0,"3,298.7",,0.0,0.0,"3,298.7",,0.0,0.0,"3,298.7",,0.0,0.0,"3,298.7",,0.0,0.0,"3,298.7",,0.0,0.0,"3,298.7",,28.6,0.0,"3,270.1"
18454,MERIDIAN SPECIALTY YARN GROUP INC,1/150/34 100% Polyester MOCHA ,MOCHA,"3,515.3",426.5,0.0,"3,088.8",0.0,,166.5,0.0,"3,348.8",,0.0,0.0,"3,348.8",,0.0,0.0,"3,348.8",,0.0,0.0,"3,348.8",,0.0,0.0,"3,348.8",,0.0,0.0,"3,348.8",,0.0,0.0,"3,348.8",,0.0,0.0,"3,348.8",,0.0,0.0,"3,348.8",,260.0,0.0,"3,088.8"
18638,PARKDALE YARN MILLS,30/1 50/50 Polyester/Cotton Natural RS,Natural,"3,367.1","1,195.4",0.0,"2,171.7",0.0,,0.0,0.0,"3,367.1",,0.0,0.0,"3,367.1",,0.0,0.0,"3,367.1",,0.0,0.0,"3,367.1",,0.0,0.0,"3,367.1",,0.0,0.0,"3,367.1",,0.0,0.0,"3,367.1",,0.0,0.0,"3,367.1",,0.0,0.0,"3,367.1",,"1,195.4",0.0,"2,171.7"
18904,CS AMERICA,1/150/36 100% Polyester China Grey Set ,China Grey,"3,527.6","5,423.9","9,617.0","7,720.7",17.0,,153.8,0.0,"3,373.8",,581.9,0.0,"2,791.9",,581.9,0.0,"2,210.0",,581.9,0.0,"1,628.1",,581.9,0.0,"1,046.2",,147.3,0.0,898.8,,0.0,"2,400.0","3,298.8",,0.0,0.0,"3,298.8",,0.0,0.0,"3,298.8",,"2,795.1","7,200.0","7,703.7"
18024,UNIFI,1/70/34 100% Nylon Black STR ,Black,"3,551.3",0.0,0.0,"3,551.3",0.0,,0.0,0.0,"3,551.3",,0.0,0.0,"3,551.3",,0.0,0.0,"3,551.3",,0.0,0.0,"3,551.3",,0.0,0.0,"3,551.3",,0.0,0.0,"3,551.3",,0.0,0.0,"3,551.3",,0.0,0.0,"3,551.3",,0.0,0.0,"3,551.3",,0.0,0.0,"3,551.3"
19020,R BELDA LLORENS,30/1 55/45 Recycled Polyester/Recycled Cotton Indigo V 169 RS,Indigo,"3,635.7","2,960.4",0.0,675.2,0.0,,0.0,0.0,"3,635.7",,0.0,0.0,"3,635.7",,0.0,0.0,"3,635.7",,0.0,0.0,"3,635.7",,0.0,0.0,"3,635.7",,0.0,0.0,"3,635.7",,0.0,0.0,"3,635.7",,0.0,0.0,"3,635.7",,0.0,0.0,"3,635.7",,"2,960.4",0.0,675.2
18737,MUTU GADING TEKSTIL,1/150/48 100% Polyester Cashmere PL5402-01 ,Cashmere,"3,926.5","2,498.5","9,514.8","10,942.8","9,514.8",,127.5,0.0,"3,799.0",,0.0,0.0,"3,799.0",,0.0,0.0,"3,799.0",,0.0,0.0,"3,799.0",,0.0,0.0,"3,799.0",,0.0,0.0,"3,799.0",,0.0,0.0,"3,799.0",,0.0,0.0,"3,799.0",,0.0,0.0,"3,799.0",,"2,371.0",0.0,"1,428.0"
18667,MERIDIAN SPECIALTY YARN GROUP INC,1/150/34 100% Polyester Dusk Blue 4015-01607-A ,Dusk Blue,"4,041.6",306.5,0.0,"3,735.2",0.0,,0.0,0.0,"4,041.6",,0.0,0.0,"4,041.6",,0.0,0.0,"4,041.6",,0.0,0.0,"4,041.6",,0.0,0.0,"4,041.6",,0.0,0.0,"4,041.6",,0.0,0.0,"4,041.6",,0.0,0.0,"4,041.6",,0.0,0.0,"4,041.6",,306.5,0.0,"3,735.2"
18712,MERIDIAN SPECIALTY YARN GROUP INC,1/150/36 100% Polyester ST LUCIA 4015-01684-A  ,ST LUCIA,"4,084.3","7,191.8","10,000.0","6,892.6",0.0,,0.0,0.0,"4,084.3",,0.0,0.0,"4,084.3",,0.0,0.0,"4,084.3",,0.0,"2,500.0","6,584.3",,0.0,0.0,"6,584.3",,0.0,"2,500.0","9,084.3",,0.0,0.0,"9,084.3",,0.0,"2,500.0","11,584.3",,0.0,0.0,"11,584.3",,"7,191.8","2,500.0","6,892.6"
18615,AKRA POLYESTER GROUP/DAK,1/150/36 100% Polyester South Sea ,South Sea,"4,285.0",5.0,0.0,"4,280.0",0.0,,5.0,0.0,"4,280.0",,0.0,0.0,"4,280.0",,0.0,0.0,"4,280.0",,0.0,0.0,"4,280.0",,0.0,0.0,"4,280.0",,0.0,0.0,"4,280.0",,0.0,0.0,"4,280.0",,0.0,0.0,"4,280.0",,0.0,0.0,"4,280.0",,0.0,0.0,"4,280.0"
12150,UNIFI,1/70/34 100% Polyester Black SATURA ,Black,"4,284.5",0.0,0.0,"4,284.5",0.0,,0.0,0.0,"4,284.5",,0.0,0.0,"4,284.5",,0.0,0.0,"4,284.5",,0.0,0.0,"4,284.5",,0.0,0.0,"4,284.5",,0.0,0.0,"4,284.5",,0.0,0.0,"4,284.5",,0.0,0.0,"4,284.5",,0.0,0.0,"4,284.5",,0.0,0.0,"4,284.5"
18306,MERIDIAN SPECIALTY YARN GROUP INC,1/150/36 100% Polyester NEWROBEGG NTS ,NEWROBEGG,"4,352.1",10.1,0.0,"4,342.0",0.0,,10.1,0.0,"4,342.0",,0.0,0.0,"4,342.0",,0.0,0.0,"4,342.0",,0.0,0.0,"4,342.0",,0.0,0.0,"4,342.0",,0.0,0.0,"4,342.0",,0.0,0.0,"4,342.0",,0.0,0.0,"4,342.0",,0.0,0.0,"4,342.0",,0.0,0.0,"4,342.0"
19054,BUHLER QUALITY YARNS CORP,30/1 85/15 Modacrylic/Tencel Natural Protex C - G100 RS,Natural,"1,858.7","5,194.4","7,496.8","4,161.1","2,496.8",,0.0,"2,500.0","4,358.7",,0.0,"2,500.0","6,858.7",,403.0,0.0,"6,455.7",,"1,477.6",0.0,"4,978.1",,465.8,0.0,"4,512.3",,0.0,0.0,"4,512.3",,0.0,0.0,"4,512.3",,0.0,0.0,"4,512.3",,0.0,0.0,"4,512.3",,"2,848.0",0.0,"1,664.3"
18707,PREMIERE FIBERS INC,1/140/34 100% Nylon Semi Dull ,Semi Dull,"6,744.8","11,515.0","6,343.0","1,572.8","4,343.0",,"2,384.5",0.0,"4,360.3",,"2,384.5","2,000.0","3,975.8",,"1,887.2",0.0,"2,088.6",,"1,471.0",0.0,617.6,,"1,471.0",0.0,-853.5,,"1,471.0",0.0,"-2,324.5",,445.7,0.0,"-2,770.2",,0.0,0.0,"-2,770.2",,0.0,0.0,"-2,770.2",,0.0,0.0,"-2,770.2"
18573,SPUNLAB,36/1 55/45 Modacrylic/Karded Cotton Natural Protex C RS,Natural,"4,416.1",15.2,0.0,"4,400.9",0.0,,0.0,0.0,"4,416.1",,0.0,0.0,"4,416.1",,0.0,0.0,"4,416.1",,0.0,0.0,"4,416.1",,0.0,0.0,"4,416.1",,0.0,0.0,"4,416.1",,0.0,0.0,"4,416.1",,0.0,0.0,"4,416.1",,0.0,0.0,"4,416.1",,15.2,0.0,"4,400.9"
19049,NANY,1/150/48 100% Polyester Bright Trilobal Flat ,Bright,"4,536.8",107.9,0.0,"4,428.9",0.0,,0.0,0.0,"4,536.8",,0.0,0.0,"4,536.8",,0.0,0.0,"4,536.8",,0.0,0.0,"4,536.8",,0.0,0.0,"4,536.8",,0.0,0.0,"4,536.8",,0.0,0.0,"4,536.8",,0.0,0.0,"4,536.8",,0.0,0.0,"4,536.8",,107.9,0.0,"4,428.9"
18469,HYOSUNG HOLDINGS USA INC,1/50/1 100% Polyester Semi Dull Monofilament ,Semi Dull,"4,540.2",151.7,0.0,"4,388.5",0.0,,0.0,0.0,"4,540.2",,0.0,0.0,"4,540.2",,0.0,0.0,"4,540.2",,0.0,0.0,"4,540.2",,0.0,0.0,"4,540.2",,0.0,0.0,"4,540.2",,0.0,0.0,"4,540.2",,0.0,0.0,"4,540.2",,0.0,0.0,"4,540.2",,151.7,0.0,"4,388.5"
18290,UNIFI,1/150/34 100% Polyester DAWN GREY ,DAWN GREY,"4,622.9","6,283.0","2,400.0",739.9,0.0,,79.2,0.0,"4,543.7",,0.0,0.0,"4,543.7",,0.0,0.0,"4,543.7",,0.0,"1,200.0","5,743.7",,0.0,"1,200.0","6,943.7",,0.0,0.0,"6,943.7",,0.0,0.0,"6,943.7",,0.0,0.0,"6,943.7",,0.0,0.0,"6,943.7",,"6,203.8",0.0,739.9
18575,PARKDALE YARN MILLS,30/1 100% Combed Cotton Natural z RS,Natural,"4,728.4","6,725.2",0.0,"-1,996.8",0.0,,0.0,0.0,"4,728.4",,0.0,0.0,"4,728.4",,0.0,0.0,"4,728.4",,0.0,0.0,"4,728.4",,0.0,0.0,"4,728.4",,0.0,0.0,"4,728.4",,0.0,0.0,"4,728.4",,0.0,0.0,"4,728.4",,0.0,0.0,"4,728.4",,"6,725.2",0.0,"-1,996.8"
18673,DECA GLOBAL,1/150/48 100% Polyester Cool Grey 7445-02 ,Cool Grey,"4,775.2",711.0,0.0,"4,064.2",0.0,,0.0,0.0,"4,775.2",,0.0,0.0,"4,775.2",,0.0,0.0,"4,775.2",,0.0,0.0,"4,775.2",,0.0,0.0,"4,775.2",,621.2,0.0,"4,154.0",,89.8,0.0,"4,064.2",,0.0,0.0,"4,064.2",,0.0,0.0,"4,064.2",,0.0,0.0,"4,064.2"
18970,PARKDALE YARN MILLS,20/1 85/15 Modacrylic/Tencel Natural MVS,Natural,"4,827.7","4,394.7",0.0,433.0,0.0,,0.0,0.0,"4,827.7",,"1,067.0",0.0,"3,760.7",,0.0,0.0,"3,760.7",,0.0,0.0,"3,760.7",,0.0,0.0,"3,760.7",,0.0,0.0,"3,760.7",,0.0,0.0,"3,760.7",,0.0,0.0,"3,760.7",,0.0,0.0,"3,760.7",,"3,327.7",0.0,433.0
14242,SPUNLAB,36/1 85/15 Modacrylic/Tencel Natural G100 RS,Natural,"4,841.9","1,371.1",0.0,"3,470.8",0.0,,0.0,0.0,"4,841.9",,0.0,0.0,"4,841.9",,0.0,0.0,"4,841.9",,0.0,0.0,"4,841.9",,0.0,0.0,"4,841.9",,0.0,0.0,"4,841.9",,0.0,0.0,"4,841.9",,0.0,0.0,"4,841.9",,0.0,0.0,"4,841.9",,"1,371.1",0.0,"3,470.8"
18869,UNIFI,1/150/34 100% Polyester Black SET Sorbtek ,Black,"5,473.4","1,085.8",0.0,"4,387.6",0.0,,442.2,0.0,"5,031.2",,442.2,0.0,"4,589.1",,201.4,0.0,"4,387.6",,0.0,0.0,"4,387.6",,0.0,0.0,"4,387.6",,0.0,0.0,"4,387.6",,0.0,0.0,"4,387.6",,0.0,0.0,"4,387.6",,0.0,0.0,"4,387.6",,0.0,0.0,"4,387.6"
19057,BUHLER QUALITY YARNS CORP,28/1 78/22 Modacrylic/Rayon Natural FR RS,Natural,"12,762.4","7,950.6","12,118.9","16,930.7","12,118.9",,"7,370.3",0.0,"5,392.1",,580.3,0.0,"4,811.8",,0.0,0.0,"4,811.8",,0.0,0.0,"4,811.8",,0.0,0.0,"4,811.8",,0.0,0.0,"4,811.8",,0.0,0.0,"4,811.8",,0.0,0.0,"4,811.8",,0.0,0.0,"4,811.8",,0.0,0.0,"4,811.8"
19046,DUNAWAY YARNS INC,24/1 96/4 Polyester Black 4% RS,Black 4%,"7,635.7","33,981.1","55,859.7","29,514.3","-2,060.6",,0.0,"-2,059.7","5,576.0",,0.0,"4,995.0","10,571.0",,0.0,"4,995.0","15,566.0",,0.0,"4,995.0","20,561.0",,0.0,"4,995.0","25,556.0",,0.0,0.0,"25,556.0",,0.0,0.0,"25,556.0",,0.0,0.0,"25,556.0",,0.0,0.0,"25,556.0",,"33,981.1","40,000.0","31,574.9"
19045,Hamiliton,24/1 100% Combed Cotton Natural RS,Natural,"5,622.6","8,039.9","2,000.0",-417.3,"2,000.0",,0.0,0.0,"5,622.6",,0.0,0.0,"5,622.6",,0.0,0.0,"5,622.6",,0.0,0.0,"5,622.6",,0.0,0.0,"5,622.6",,0.0,0.0,"5,622.6",,0.0,0.0,"5,622.6",,0.0,0.0,"5,622.6",,0.0,0.0,"5,622.6",,"8,039.9",0.0,"-2,417.3"
18998,DECA GLOBAL,24/1 95/5 Polyester Black 5% RS,Black 5%,"5,770.9",0.0,"7,517.4","13,288.3","7,517.4",,0.0,0.0,"5,770.9",,0.0,0.0,"5,770.9",,0.0,0.0,"5,770.9",,0.0,0.0,"5,770.9",,0.0,0.0,"5,770.9",,0.0,0.0,"5,770.9",,0.0,0.0,"5,770.9",,0.0,0.0,"5,770.9",,0.0,0.0,"5,770.9",,0.0,0.0,"5,770.9"
18770,SPUNLAB,28/1 78/22 Modacrylic/Rayon Natural FR Rayon RS,Natural,"6,120.9","7,203.4",0.0,"-1,082.4",0.0,,0.0,0.0,"6,120.9",,0.0,0.0,"6,120.9",,0.0,0.0,"6,120.9",,0.0,0.0,"6,120.9",,0.0,0.0,"6,120.9",,0.0,0.0,"6,120.9",,0.0,0.0,"6,120.9",,0.0,0.0,"6,120.9",,0.0,0.0,"6,120.9",,"7,203.4",0.0,"-1,082.4"
18988,OMARA TEXTILES,1/150/36 100% Polyester Raspberry SA1912M1 ,Raspberry,"6,339.0",0.0,"2,507.0","8,846.0","2,507.0",,0.0,0.0,"6,339.0",,0.0,0.0,"6,339.0",,0.0,0.0,"6,339.0",,0.0,0.0,"6,339.0",,0.0,0.0,"6,339.0",,0.0,0.0,"6,339.0",,0.0,0.0,"6,339.0",,0.0,0.0,"6,339.0",,0.0,0.0,"6,339.0",,0.0,0.0,"6,339.0"
19077,SAPONA,1/150/48 100% Polyester Natural ,Natural,"6,413.0",0.0,0.0,"6,413.0",0.0,,0.0,0.0,"6,413.0",,0.0,0.0,"6,413.0",,0.0,0.0,"6,413.0",,0.0,0.0,"6,413.0",,0.0,0.0,"6,413.0",,0.0,0.0,"6,413.0",,0.0,0.0,"6,413.0",,0.0,0.0,"6,413.0",,0.0,0.0,"6,413.0",,0.0,0.0,"6,413.0"
18669,CS AMERICA,1/75/72 100% Polyester Natural ,Natural,"6,905.6","4,078.7",0.0,"2,826.9",0.0,,0.0,0.0,"6,905.6",,0.0,0.0,"6,905.6",,0.0,0.0,"6,905.6",,0.0,0.0,"6,905.6",,0.0,0.0,"6,905.6",,0.0,0.0,"6,905.6",,0.0,0.0,"6,905.6",,0.0,0.0,"6,905.6",,0.0,0.0,"6,905.6",,"4,078.7",0.0,"2,826.9"
18645,BUHLER QUALITY YARNS CORP,24/1 85/15 Modacrylic/Tencel Natural MVS,Natural,"4,429.5","7,202.7","10,585.8","7,812.6",85.8,,0.0,"3,500.0","7,929.5",,0.0,"3,500.0","11,429.5",,558.8,"3,500.0","14,370.7",,"2,048.9",0.0,"12,321.7",,645.9,0.0,"11,675.9",,0.0,0.0,"11,675.9",,0.0,0.0,"11,675.9",,0.0,0.0,"11,675.9",,0.0,0.0,"11,675.9",,"3,949.1",0.0,"7,726.8"
18019,PARKDALE YARN MILLS,18/1 100% Karded Cotton Natural OE,Natural,"8,557.4","20,387.5","8,298.0","-3,532.0","-6,051.0",,0.0,749.0,"9,306.4",,"6,015.2",0.0,"3,291.3",,"6,015.2",0.0,"-2,723.9",,"6,015.2","6,800.0","-1,939.1",,"2,299.4",0.0,"-4,238.5",,0.0,0.0,"-4,238.5",,0.0,"6,800.0","2,561.5",,0.0,0.0,"2,561.5",,0.0,0.0,"2,561.5",,42.6,0.0,"2,519.0"
10795,UNIFI,1/1950/408 100% Polyester BEIGEHEAT ,BEIGEHEAT,"9,768.2","2,091.2",0.0,"7,677.1",0.0,,0.0,0.0,"9,768.2",,0.0,0.0,"9,768.2",,0.0,0.0,"9,768.2",,0.0,0.0,"9,768.2",,0.0,0.0,"9,768.2",,0.0,0.0,"9,768.2",,0.0,0.0,"9,768.2",,0.0,0.0,"9,768.2",,0.0,0.0,"9,768.2",,"2,091.2",0.0,"7,677.1"
18927,DECA GLOBAL,2/300/72 100% Polyester Semi Dull SH LIM Recycled ,Semi Dull,"10,126.4","21,606.5","41,006.4","29,526.4","41,006.4",,0.0,0.0,"10,126.4",,0.0,0.0,"10,126.4",,"2,625.9",0.0,"7,500.5",,"2,625.9",0.0,"4,874.6",,"2,625.9",0.0,"2,248.6",,"2,625.9",0.0,-377.3,,"2,625.9",0.0,"-3,003.3",,"2,445.0",0.0,"-5,448.3",,"1,090.8",0.0,"-6,539.1",,"4,940.9",0.0,"-11,480.0"
10027,UNIFI,2/150/34 100% Polyester SOLDY BLK SET W/ TACKS SATURA ,SOLDY BLK,"7,983.6","14,378.7","2,559.7","-3,835.4","-3,289.9",,0.0,"2,349.6","10,333.2",,0.0,0.0,"10,333.2",,0.0,0.0,"10,333.2",,0.0,"3,500.0","13,833.2",,0.0,0.0,"13,833.2",,0.0,0.0,"13,833.2",,0.0,0.0,"13,833.2",,0.0,0.0,"13,833.2",,0.0,0.0,"13,833.2",,"14,378.7",0.0,-545.5
18620,UNIFI,1/150/34 100% Polyester Natural SET TS (REPREVE) 56TPC ,Natural,"11,054.2",51.1,0.0,"11,003.1",0.0,,0.0,0.0,"11,054.2",,0.0,0.0,"11,054.2",,0.0,0.0,"11,054.2",,0.0,0.0,"11,054.2",,0.0,0.0,"11,054.2",,0.0,0.0,"11,054.2",,0.0,0.0,"11,054.2",,0.0,0.0,"11,054.2",,0.0,0.0,"11,054.2",,51.1,0.0,"11,003.1"
14148,MERIDIAN SPECIALTY YARN GROUP INC,1/150/36 100% Polyester Cool Grey ,Cool Grey,"11,210.4",6.7,0.0,"11,203.7",0.0,,6.7,0.0,"11,203.7",,0.0,0.0,"11,203.7",,0.0,0.0,"11,203.7",,0.0,0.0,"11,203.7",,0.0,0.0,"11,203.7",,0.0,0.0,"11,203.7",,0.0,0.0,"11,203.7",,0.0,0.0,"11,203.7",,0.0,0.0,"11,203.7",,0.0,0.0,"11,203.7"
18594,VERTEX,1/300/120 100% Polyethylene Natural ,Natural,"7,814.4","25,984.9","76,212.0","58,041.5","10,712.0",,240.0,"5,000.0","12,574.4",,711.9,0.0,"11,862.5",,"2,998.0","5,000.0","13,864.5",,"2,998.0",0.0,"10,866.5",,"2,998.0","5,000.0","12,868.5",,"2,998.0",0.0,"9,870.5",,"2,998.0","5,000.0","11,872.5",,"2,476.7",0.0,"9,395.9",,960.0,"11,375.0","19,810.8",,"6,606.3","34,125.0","47,329.5"
12526,UNIFI,1/300/68 100% Polyester Natural Non-Compliant STRNTS ,Natural,"13,220.3","25,019.8","9,510.3","-2,289.2",-257.2,,367.2,-232.5,"12,620.5",,715.8,"5,000.0","16,904.7",,"1,262.9","5,000.0","20,641.8",,"1,710.7",0.0,"18,931.1",,"1,451.1",0.0,"17,480.0",,"1,595.0",0.0,"15,885.0",,792.3,0.0,"15,092.7",,651.6,0.0,"14,441.1",,547.1,0.0,"13,894.0",,"15,926.0",0.0,"-2,032.0"
18872,PARKDALE YARN MILLS,30/1 98/2 Polyester Ash 2% 2% Black Polyester OE,Ash 2%,"14,292.1","5,960.6",0.0,"8,331.5",0.0,,0.0,0.0,"14,292.1",,0.0,0.0,"14,292.1",,741.2,0.0,"13,550.9",,741.2,0.0,"12,809.8",,741.2,0.0,"12,068.6",,741.2,0.0,"11,327.4",,741.2,0.0,"10,586.2",,687.1,0.0,"9,899.1",,282.2,0.0,"9,617.0",,"1,285.5",0.0,"8,331.5"
18414,DECA GLOBAL,3/300/72 100% Polyester Natural ,Natural,"9,335.5",677.5,"34,424.0","43,082.0","19,424.0",,0.0,"5,000.0","14,335.5",,0.0,"5,000.0","19,335.5",,0.0,"5,000.0","24,335.5",,0.0,0.0,"24,335.5",,0.0,0.0,"24,335.5",,301.0,0.0,"24,034.5",,0.0,0.0,"24,034.5",,0.0,0.0,"24,034.5",,0.0,0.0,"24,034.5",,376.5,0.0,"23,658.0"
18987,DECA GLOBAL,4/300/72 100% Polyester Semi Dull stretch ,Semi Dull,"9,503.2","6,506.0","40,000.0","42,997.2","15,000.0",,0.0,"5,000.0","14,503.2",,"1,368.4","5,000.0","18,134.8",,"1,368.4","5,000.0","21,766.5",,"1,368.4","5,000.0","25,398.1",,"1,368.4","5,000.0","29,029.7",,346.5,0.0,"28,683.2",,0.0,0.0,"28,683.2",,0.0,0.0,"28,683.2",,0.0,0.0,"28,683.2",,686.0,0.0,"27,997.2"
19059,PARKDALE YARN MILLS,14/1 100% Rayon Natural Daiwabo FR OE,Natural,"15,254.5",0.0,"2,371.0","17,625.5","2,371.0",,0.0,0.0,"15,254.5",,0.0,0.0,"15,254.5",,0.0,0.0,"15,254.5",,0.0,0.0,"15,254.5",,0.0,0.0,"15,254.5",,0.0,0.0,"15,254.5",,0.0,0.0,"15,254.5",,0.0,0.0,"15,254.5",,0.0,0.0,"15,254.5",,0.0,0.0,"15,254.5"
18432,SPUNLAB,8/1 55/45 Modacrylic/Karded Cotton Natural PRTXC OE,Natural,"16,212.6",0.0,"8,121.0","24,333.6","8,121.0",,0.0,0.0,"16,212.6",,0.0,0.0,"16,212.6",,0.0,0.0,"16,212.6",,0.0,0.0,"16,212.6",,0.0,0.0,"16,212.6",,0.0,0.0,"16,212.6",,0.0,0.0,"16,212.6",,0.0,0.0,"16,212.6",,0.0,0.0,"16,212.6",,0.0,0.0,"16,212.6"
18646,BARNET,1/150/48 100% Polyester Natural ,Natural,"17,939.8","28,550.3","11,811.7","1,201.2","-1,338.2",,132.7,-850.1,"16,957.0",,329.5,"9,000.0","25,627.4",,547.7,"5,000.0","30,079.7",,547.7,0.0,"29,532.1",,547.7,0.0,"28,984.4",,372.7,0.0,"28,611.7",,197.9,0.0,"28,413.8",,96.4,0.0,"28,317.4",,0.0,0.0,"28,317.4",,"25,778.1",0.0,"2,539.4"
18763,MUTU GADING TEKSTIL,2/300/68 100% Polyester Semi Dull LIM (Low Intermingle) SH (Single Heater) ,Semi Dull,"13,493.3","47,855.0","31,757.0","-2,604.7","-8,318.0",,888.1,"5,000.0","17,605.3",,427.1,"5,000.0","22,178.1",,"1,447.8","10,075.0","30,805.3",,"1,447.8","5,000.0","34,357.6",,"1,447.8","5,000.0","37,909.8",,"1,465.3","5,000.0","41,444.5",,427.1,"5,000.0","46,017.4",,208.1,0.0,"45,809.3",,0.0,0.0,"45,809.3",,"40,096.0",0.0,"5,713.3"
18903,UNIFI,1/70/72 100% Polyester Natural 56T - STR - NON TS - True 70 denier ,Natural,"13,857.0","27,275.8","19,915.6","6,496.8","9,915.6",,0.0,"5,000.0","18,857.0",,0.0,"5,000.0","23,857.0",,0.0,0.0,"23,857.0",,0.0,0.0,"23,857.0",,0.0,0.0,"23,857.0",,"5,215.6",0.0,"18,641.4",,"5,215.6",0.0,"13,425.8",,"5,215.6",0.0,"8,210.2",,"5,215.6",0.0,"2,994.6",,"6,413.4",0.0,"-3,418.8"
18612,PARKDALE YARN MILLS,18/1 100% Combed Cotton Natural RS,Natural,"19,083.7",0.0,0.0,"19,083.7",0.0,,0.0,0.0,"19,083.7",,0.0,0.0,"19,083.7",,0.0,0.0,"19,083.7",,0.0,0.0,"19,083.7",,0.0,0.0,"19,083.7",,0.0,0.0,"19,083.7",,0.0,0.0,"19,083.7",,0.0,0.0,"19,083.7",,0.0,0.0,"19,083.7",,0.0,0.0,"19,083.7"
18659,SPUNLAB,40/1 50/37/13 Polyester/Modal Rayon/Karded Cotton Natural repreve poly - modal rayon - karded cotton 1088 RS,Natural,"20,946.5",77.2,"8,174.0","29,043.3","8,174.0",,0.0,0.0,"20,946.5",,0.0,0.0,"20,946.5",,0.0,0.0,"20,946.5",,0.0,0.0,"20,946.5",,0.0,0.0,"20,946.5",,0.0,0.0,"20,946.5",,0.0,0.0,"20,946.5",,0.0,0.0,"20,946.5",,0.0,0.0,"20,946.5",,77.2,0.0,"20,869.3"
18438,"BIELTEX, S.L.",20/1 100% Polyester Semi Dull ,Semi Dull,"31,958.8","6,827.0",0.0,"25,131.8",0.0,,350.0,0.0,"31,608.8",,0.0,0.0,"31,608.8",,0.0,0.0,"31,608.8",,0.0,0.0,"31,608.8",,0.0,0.0,"31,608.8",,0.0,0.0,"31,608.8",,0.0,0.0,"31,608.8",,0.0,0.0,"31,608.8",,0.0,0.0,"31,608.8",,"6,477.0",0.0,"25,131.8"
18334,"BIELTEX, S.L.",60/1 100% Combed Cotton Natural RS,Natural,"38,817.4",108.7,0.0,"38,708.7",0.0,,0.0,0.0,"38,817.4",,0.0,0.0,"38,817.4",,0.0,0.0,"38,817.4",,0.0,0.0,"38,817.4",,0.0,0.0,"38,817.4",,0.0,0.0,"38,817.4",,0.0,0.0,"38,817.4",,0.0,0.0,"38,817.4",,0.0,0.0,"38,817.4",,108.7,0.0,"38,708.7"
18558,PARKDALE YARN MILLS,14/1 100% Karded Cotton Natural OE,Natural,"40,673.5",0.2,0.0,"40,673.3",0.0,,0.0,0.0,"40,673.5",,0.0,0.0,"40,673.5",,0.0,0.0,"40,673.5",,0.0,0.0,"40,673.5",,0.0,0.0,"40,673.5",,0.0,0.0,"40,673.5",,0.0,0.0,"40,673.5",,0.0,0.0,"40,673.5",,0.0,0.0,"40,673.5",,0.2,0.0,"40,673.3"
19003,Atlas Yarns,1/75/36 100% Polyester Semi Dull NIM First Grade Dyeable ,Semi Dull,"43,629.8","161,061.1",0.0,"-117,431.3",0.0,,"2,070.4",0.0,"41,559.4",,"1,041.1",0.0,"40,518.3",,531.1,0.0,"39,987.2",,531.1,0.0,"39,456.0",,531.1,0.0,"38,924.9",,333.6,0.0,"38,591.3",,266.6,0.0,"38,324.7",,216.4,0.0,"38,108.4",,168.6,0.0,"37,939.8",,"155,371.1",0.0,"-117,431.3"
18426,DECA GLOBAL,24/1 100% Bamboo Natural ,Natural,"45,838.6","7,046.3",0.0,"38,792.3",0.0,,0.0,0.0,"45,838.6",,"1,287.3",0.0,"44,551.4",,"1,287.3",0.0,"43,264.1",,"1,287.3",0.0,"41,976.8",,"1,287.3",0.0,"40,689.5",,325.9,0.0,"40,363.6",,0.0,0.0,"40,363.6",,0.0,0.0,"40,363.6",,0.0,0.0,"40,363.6",,"1,571.3",0.0,"38,792.3"
